Loaded environment variables from D:\!!!SWP3W!!!\SWP391_MovieTheatre_3W\.env
Building backend jar...
[INFO] Scanning for projects...
[INFO] 
[INFO] -----------------------< movie.ojt.fpt:MovieSWP >-----------------------
[INFO] Building MovieOJT 0.0.1-SNAPSHOT
[INFO]   from pom.xml
[INFO] --------------------------------[ jar ]---------------------------------
[INFO] 
[INFO] --- jacoco:0.8.10:prepare-agent (default) @ MovieSWP ---
[INFO] argLine set to -javaagent:C:\\Users\\LAPTOPPC\\.m2\\repository\\org\\jacoco\\org.jacoco.agent\\0.8.10\\org.jacoco.agent-0.8.10-runtime.jar=destfile=D:\\!!!SWP3W!!!\\SWP391_MovieTheatre_3W\\BE\\target\\jacoco.exec
[INFO] 
[INFO] --- resources:3.3.1:resources (default-resources) @ MovieSWP ---
[INFO] Copying 1 resource from src\main\resources to target\classes
[INFO] Copying 21 resources from src\main\resources to target\classes
[INFO] 
[INFO] --- compiler:3.13.0:compile (default-compile) @ MovieSWP ---
[INFO] Nothing to compile - all classes are up to date.
[INFO] 
[INFO] --- resources:3.3.1:testResources (default-testResources) @ MovieSWP ---
[INFO] skip non existing resourceDirectory D:\!!!SWP3W!!!\SWP391_MovieTheatre_3W\BE\src\test\resources
[INFO] 
[INFO] --- compiler:3.13.0:testCompile (default-testCompile) @ MovieSWP ---
[INFO] No sources to compile
[INFO] 
[INFO] --- surefire:3.5.3:test (default-test) @ MovieSWP ---
[INFO] Tests are skipped.
[INFO] 
[INFO] --- jacoco:0.8.10:report (report) @ MovieSWP ---
[INFO] Skipping JaCoCo execution due to missing execution data file.
[INFO] 
[INFO] --- jar:3.4.2:jar (default-jar) @ MovieSWP ---
[INFO] 
[INFO] --- spring-boot:3.5.0:repackage (repackage) @ MovieSWP ---
[INFO] Replacing main artifact D:\!!!SWP3W!!!\SWP391_MovieTheatre_3W\BE\target\MovieSWP-0.0.1-SNAPSHOT.jar with repackaged archive, adding nested dependencies in BOOT-INF/.
[INFO] The original artifact has been renamed to D:\!!!SWP3W!!!\SWP391_MovieTheatre_3W\BE\target\MovieSWP-0.0.1-SNAPSHOT.jar.original
[INFO] ------------------------------------------------------------------------
[INFO] BUILD SUCCESS
[INFO] ------------------------------------------------------------------------
[INFO] Total time:  11.328 s
[INFO] Finished at: 2026-04-23T12:13:18+07:00
[INFO] ------------------------------------------------------------------------
Starting backend on http://localhost:8080 ...

  .   ____          _            __ _ _
 /\\ / ___'_ __ _ _(_)_ __  __ _ \ \ \ \
( ( )\___ | '_ | '_| | '_ \/ _` | \ \ \ \
 \\/  ___)| |_)| | | | | || (_| |  ) ) ) )
  '  |____| .__|_| |_|_| |_\__, | / / / /
 =========|_|==============|___/=/_/_/_/

 :: Spring Boot ::                (v3.5.0)

2026-04-23T12:13:21.469+07:00  INFO 25640 --- [           main] movie.swp391.MovieApplication            : Starting MovieApplication v0.0.1-SNAPSHOT using Java 24.0.1 with PID 25640 (D:\!!!SWP3W!!!\SWP391_MovieTheatre_3W\BE\target\MovieSWP-0.0.1-SNAPSHOT.jar started by LAPTOPPC in D:\!!!SWP3W!!!\SWP391_MovieTheatre_3W\BE)
2026-04-23T12:13:21.474+07:00  INFO 25640 --- [           main] movie.swp391.MovieApplication            : No active profile set, falling back to 1 default profile: "default"
2026-04-23T12:13:21.478+07:00 DEBUG 25640 --- [           main] o.s.boot.SpringApplication               : Loading source class movie.swp391.MovieApplication
2026-04-23T12:13:21.619+07:00 DEBUG 25640 --- [           main] ConfigServletWebServerApplicationContext : Refreshing org.springframework.boot.web.servlet.context.AnnotationConfigServletWebServerApplicationContext@4278284b
2026-04-23T12:13:26.838+07:00  INFO 25640 --- [           main] .s.d.r.c.RepositoryConfigurationDelegate : Bootstrapping Spring Data JPA repositories in DEFAULT mode.
2026-04-23T12:13:26.986+07:00 DEBUG 25640 --- [           main] o.s.b.a.AutoConfigurationPackages        : @EnableAutoConfiguration was declared on a class in the package 'movie.swp391'. Automatic @Repository and @Entity scanning is enabled.
2026-04-23T12:13:27.471+07:00  INFO 25640 --- [           main] .s.d.r.c.RepositoryConfigurationDelegate : Finished Spring Data repository scanning in 576 ms. Found 34 JPA repository interfaces.
2026-04-23T12:13:30.622+07:00 DEBUG 25640 --- [           main] .s.b.w.e.t.TomcatServletWebServerFactory : Code archive: D:\!!!SWP3W!!!\SWP391_MovieTheatre_3W\BE\target\MovieSWP-0.0.1-SNAPSHOT.jar
2026-04-23T12:13:30.622+07:00 DEBUG 25640 --- [           main] .s.b.w.e.t.TomcatServletWebServerFactory : Code archive: D:\!!!SWP3W!!!\SWP391_MovieTheatre_3W\BE\target\MovieSWP-0.0.1-SNAPSHOT.jar
2026-04-23T12:13:30.630+07:00 DEBUG 25640 --- [           main] .s.b.w.e.t.TomcatServletWebServerFactory : None of the document roots [src/main/webapp, public, static] point to a directory and will be ignored.
2026-04-23T12:13:30.690+07:00  INFO 25640 --- [           main] o.s.b.w.embedded.tomcat.TomcatWebServer  : Tomcat initialized with port 8080 (http)
2026-04-23T12:13:30.722+07:00  INFO 25640 --- [           main] o.apache.catalina.core.StandardService   : Starting service [Tomcat]
2026-04-23T12:13:30.722+07:00  INFO 25640 --- [           main] o.apache.catalina.core.StandardEngine    : Starting Servlet engine: [Apache Tomcat/10.1.41]
2026-04-23T12:13:30.794+07:00  INFO 25640 --- [           main] o.a.c.c.C.[Tomcat].[localhost].[/]       : Initializing Spring embedded WebApplicationContext
2026-04-23T12:13:30.798+07:00 DEBUG 25640 --- [           main] w.s.c.ServletWebServerApplicationContext : Published root WebApplicationContext as ServletContext attribute with name [org.springframework.web.context.WebApplicationContext.ROOT]
2026-04-23T12:13:30.798+07:00  INFO 25640 --- [           main] w.s.c.ServletWebServerApplicationContext : Root WebApplicationContext: initialization completed in 9180 ms
2026-04-23T12:13:31.931+07:00  INFO 25640 --- [           main] o.hibernate.jpa.internal.util.LogHelper  : HHH000204: Processing PersistenceUnitInfo [name: default]
2026-04-23T12:13:32.124+07:00  INFO 25640 --- [           main] org.hibernate.Version                    : HHH000412: Hibernate ORM core version 6.6.15.Final
2026-04-23T12:13:32.222+07:00  INFO 25640 --- [           main] o.h.c.internal.RegionFactoryInitiator    : HHH000026: Second-level cache disabled
2026-04-23T12:13:33.277+07:00  INFO 25640 --- [           main] o.s.o.j.p.SpringPersistenceUnitInfo      : No LoadTimeWeaver setup: ignoring JPA class transformer
2026-04-23T12:13:33.357+07:00  INFO 25640 --- [           main] com.zaxxer.hikari.HikariDataSource       : HikariPool-1 - Starting...
2026-04-23T12:13:34.327+07:00  INFO 25640 --- [           main] com.zaxxer.hikari.pool.HikariPool        : HikariPool-1 - Added connection ConnectionID:1 ClientConnectionId: adad34bd-5d5d-4acf-a1ec-a42d65c46093
2026-04-23T12:13:34.335+07:00  INFO 25640 --- [           main] com.zaxxer.hikari.HikariDataSource       : HikariPool-1 - Start completed.
2026-04-23T12:13:34.581+07:00  WARN 25640 --- [           main] org.hibernate.orm.deprecation            : HHH90000025: SQLServerDialect does not need to be specified explicitly using 'hibernate.dialect' (remove the property setting and it will be selected by default)
2026-04-23T12:13:34.739+07:00  INFO 25640 --- [           main] org.hibernate.orm.connections.pooling    : HHH10001005: Database info:
	Database JDBC URL [Connecting through datasource 'HikariDataSource (HikariPool-1)']
	Database driver: undefined/unknown
	Database version: 16.0
	Autocommit mode: undefined/unknown
	Isolation level: undefined/unknown
	Minimum pool size: undefined/unknown
	Maximum pool size: undefined/unknown
2026-04-23T12:13:40.380+07:00  INFO 25640 --- [           main] o.h.e.t.j.p.i.JtaPlatformInitiator       : HHH000489: No JTA platform available (set 'hibernate.transaction.jta.platform' to enable JTA platform integration)
2026-04-23T12:13:41.071+07:00 DEBUG 25640 --- [           main] org.hibernate.SQL                        : 
    alter table comments 
       alter column content nvarchar(MAX)
Hibernate: 
    alter table comments 
       alter column content nvarchar(MAX)
2026-04-23T12:13:41.077+07:00 DEBUG 25640 --- [           main] org.hibernate.SQL                        : 
    alter table customers 
       alter column address nvarchar(200)
Hibernate: 
    alter table customers 
       alter column address nvarchar(200)
2026-04-23T12:13:41.079+07:00 DEBUG 25640 --- [           main] org.hibernate.SQL                        : 
    alter table food_and_drink 
       alter column description NVARCHAR(MAX)
Hibernate: 
    alter table food_and_drink 
       alter column description NVARCHAR(MAX)
2026-04-23T12:13:41.087+07:00 DEBUG 25640 --- [           main] org.hibernate.SQL                        : 
    alter table food_and_drink 
       alter column name NVARCHAR(MAX)
Hibernate: 
    alter table food_and_drink 
       alter column name NVARCHAR(MAX)
2026-04-23T12:13:41.089+07:00 DEBUG 25640 --- [           main] org.hibernate.SQL                        : 
    alter table food_and_drink 
       alter column type NVARCHAR(MAX)
Hibernate: 
    alter table food_and_drink 
       alter column type NVARCHAR(MAX)
2026-04-23T12:13:41.095+07:00 DEBUG 25640 --- [           main] org.hibernate.SQL                        : 
    alter table movies 
       alter column content nvarchar(3000)
Hibernate: 
    alter table movies 
       alter column content nvarchar(3000)
2026-04-23T12:13:41.099+07:00 DEBUG 25640 --- [           main] org.hibernate.SQL                        : 
    alter table movies 
       alter column poster nvarchar(1000)
Hibernate: 
    alter table movies 
       alter column poster nvarchar(1000)
2026-04-23T12:13:41.103+07:00 DEBUG 25640 --- [           main] org.hibernate.SQL                        : 
    alter table movies 
       alter column trailer nvarchar(1000)
Hibernate: 
    alter table movies 
       alter column trailer nvarchar(1000)
2026-04-23T12:13:41.103+07:00 DEBUG 25640 --- [           main] org.hibernate.SQL                        : 
    alter table permissions 
       alter column description NVARCHAR(MAX)
Hibernate: 
    alter table permissions 
       alter column description NVARCHAR(MAX)
2026-04-23T12:13:41.112+07:00 DEBUG 25640 --- [           main] org.hibernate.SQL                        : 
    alter table promotions 
       alter column condition NVARCHAR(MAX)
Hibernate: 
    alter table promotions 
       alter column condition NVARCHAR(MAX)
2026-04-23T12:13:41.112+07:00 DEBUG 25640 --- [           main] org.hibernate.SQL                        : 
    alter table promotions 
       alter column detail NVARCHAR(MAX)
Hibernate: 
    alter table promotions 
       alter column detail NVARCHAR(MAX)
2026-04-23T12:13:41.120+07:00 DEBUG 25640 --- [           main] org.hibernate.SQL                        : 
    alter table promotions 
       alter column title NVARCHAR(MAX)
Hibernate: 
    alter table promotions 
       alter column title NVARCHAR(MAX)
2026-04-23T12:13:41.120+07:00 DEBUG 25640 --- [           main] org.hibernate.SQL                        : 
    alter table roles 
       alter column description NVARCHAR(MAX)
Hibernate: 
    alter table roles 
       alter column description NVARCHAR(MAX)
2026-04-23T12:13:41.128+07:00 DEBUG 25640 --- [           main] org.hibernate.SQL                        : 
    alter table ticket_bookings 
       alter column cinema_name nvarchar(100)
Hibernate: 
    alter table ticket_bookings 
       alter column cinema_name nvarchar(100)
2026-04-23T12:13:41.133+07:00 DEBUG 25640 --- [           main] org.hibernate.SQL                        : 
    alter table ticket_bookings 
       alter column city nvarchar(100)
Hibernate: 
    alter table ticket_bookings 
       alter column city nvarchar(100)
2026-04-23T12:13:45.382+07:00  INFO 25640 --- [           main] j.LocalContainerEntityManagerFactoryBean : Initialized JPA EntityManagerFactory for persistence unit 'default'
2026-04-23T12:13:47.049+07:00  INFO 25640 --- [           main] o.s.d.j.r.query.QueryEnhancerFactory     : Hibernate is in classpath; If applicable, HQL parser will be used.
2026-04-23T12:13:49.127+07:00 DEBUG 25640 --- [           main] o.s.b.w.s.ServletContextInitializerBeans : Mapping filters: forwardedHeaderFilter urls=[/*] order=-2147483648, webMvcObservationFilter urls=[/*] order=-2147483647, springSecurityFilterChain urls=[/*] order=-100, characterEncodingFilter urls=[/*] order=-2147483648, formContentFilter urls=[/*] order=-9900, requestContextFilter urls=[/*] order=-105, jwtAuthenticationFilter urls=[/*] order=2147483647
2026-04-23T12:13:49.135+07:00 DEBUG 25640 --- [           main] o.s.b.w.s.ServletContextInitializerBeans : Mapping servlets: dispatcherServlet urls=[/]
2026-04-23T12:13:49.265+07:00 DEBUG 25640 --- [           main] o.s.b.w.s.f.OrderedRequestContextFilter  : Filter 'requestContextFilter' configured for use
2026-04-23T12:13:49.274+07:00 DEBUG 25640 --- [           main] o.s.w.f.ServerHttpObservationFilter      : Filter 'webMvcObservationFilter' configured for use
2026-04-23T12:13:49.282+07:00 DEBUG 25640 --- [           main] o.s.web.filter.ForwardedHeaderFilter     : Filter 'forwardedHeaderFilter' configured for use
2026-04-23T12:13:49.282+07:00 DEBUG 25640 --- [           main] s.b.w.s.f.OrderedCharacterEncodingFilter : Filter 'characterEncodingFilter' configured for use
2026-04-23T12:13:49.282+07:00 DEBUG 25640 --- [           main] .DelegatingFilterProxyRegistrationBean$1 : Filter 'springSecurityFilterChain' configured for use
2026-04-23T12:13:49.282+07:00 DEBUG 25640 --- [           main] o.s.b.w.s.f.OrderedFormContentFilter     : Filter 'formContentFilter' configured for use
DEBUG: PermissionService bean created!
2026-04-23T12:13:55.164+07:00  WARN 25640 --- [           main] JpaBaseConfiguration$JpaWebConfiguration : spring.jpa.open-in-view is enabled by default. Therefore, database queries may be performed during view rendering. Explicitly configure spring.jpa.open-in-view to disable this warning
2026-04-23T12:13:55.374+07:00  INFO 25640 --- [           main] r$InitializeUserDetailsManagerConfigurer : Global AuthenticationManager configured with UserDetailsService bean with name accountDetailsService
2026-04-23T12:13:55.594+07:00  INFO 25640 --- [           main] o.s.b.a.w.s.WelcomePageHandlerMapping    : Adding welcome page: class path resource [static/index.html]
2026-04-23T12:13:55.973+07:00 DEBUG 25640 --- [           main] s.w.s.m.m.a.RequestMappingHandlerMapping : 138 mappings in 'requestMappingHandlerMapping'
2026-04-23T12:13:56.163+07:00 DEBUG 25640 --- [           main] o.s.w.s.handler.SimpleUrlHandlerMapping  : Patterns [/webjars/**, /**, /assets/**, /swagger-ui*/*swagger-initializer.js, /swagger-ui*/**] in 'resourceHandlerMapping'
2026-04-23T12:13:56.546+07:00  INFO 25640 --- [           main] o.s.b.a.e.web.EndpointLinksResolver      : Exposing 3 endpoints beneath base path '/actuator'
2026-04-23T12:13:56.799+07:00 DEBUG 25640 --- [           main] o.s.s.web.DefaultSecurityFilterChain     : Will secure any request with filters: DisableEncodeUrlFilter, WebAsyncManagerIntegrationFilter, SecurityContextHolderFilter, HeaderWriterFilter, CorsFilter, LogoutFilter, JwtAuthenticationFilter, RequestCacheAwareFilter, SecurityContextHolderAwareRequestFilter, AnonymousAuthenticationFilter, SessionManagementFilter, ExceptionTranslationFilter, AuthorizationFilter
2026-04-23T12:13:57.069+07:00 DEBUG 25640 --- [           main] s.w.s.m.m.a.RequestMappingHandlerAdapter : ControllerAdvice beans: 0 @ModelAttribute, 0 @InitBinder, 1 RequestBodyAdvice, 1 ResponseBodyAdvice
2026-04-23T12:13:57.194+07:00 DEBUG 25640 --- [           main] .m.m.a.ExceptionHandlerExceptionResolver : ControllerAdvice beans: 2 @ExceptionHandler, 1 ResponseBodyAdvice
2026-04-23T12:13:57.961+07:00  INFO 25640 --- [           main] o.s.b.w.embedded.tomcat.TomcatWebServer  : Tomcat started on port 8080 (http) with context path '/'
2026-04-23T12:13:58.010+07:00 DEBUG 25640 --- [           main] .s.b.a.l.ConditionEvaluationReportLogger : 


============================
CONDITIONS EVALUATION REPORT
============================


Positive matches:
-----------------

   AopAutoConfiguration matched:
      - @ConditionalOnBooleanProperty (spring.aop.auto=true) matched (OnPropertyCondition)

   AopAutoConfiguration.AspectJAutoProxyingConfiguration matched:
      - @ConditionalOnClass found required class 'org.aspectj.weaver.Advice' (OnClassCondition)

   AopAutoConfiguration.AspectJAutoProxyingConfiguration.CglibAutoProxyConfiguration matched:
      - @ConditionalOnBooleanProperty (spring.aop.proxy-target-class=true) matched (OnPropertyCondition)

   ApplicationAvailabilityAutoConfiguration#applicationAvailability matched:
      - @ConditionalOnMissingBean (types: org.springframework.boot.availability.ApplicationAvailability; SearchStrategy: all) did not find any beans (OnBeanCondition)

   BeansEndpointAutoConfiguration matched:
      - @ConditionalOnAvailableEndpoint marked as exposed by a 'management.endpoints.web.exposure' property (OnAvailableEndpointCondition)

   BeansEndpointAutoConfiguration#beansEndpoint matched:
      - @ConditionalOnMissingBean (types: org.springframework.boot.actuate.beans.BeansEndpoint; SearchStrategy: all) did not find any beans (OnBeanCondition)

   CacheMeterBinderProvidersConfiguration matched:
      - @ConditionalOnClass found required class 'io.micrometer.core.instrument.binder.MeterBinder' (OnClassCondition)

   CompositeMeterRegistryAutoConfiguration matched:
      - @ConditionalOnClass found required class 'io.micrometer.core.instrument.composite.CompositeMeterRegistry' (OnClassCondition)

   DataSourceAutoConfiguration matched:
      - @ConditionalOnClass found required classes 'javax.sql.DataSource', 'org.springframework.jdbc.datasource.embedded.EmbeddedDatabaseType' (OnClassCondition)
      - @ConditionalOnMissingBean (types: ?; SearchStrategy: all) did not find any beans (OnBeanCondition)

   DataSourceAutoConfiguration.PooledDataSourceConfiguration matched:
      - AnyNestedCondition 1 matched 1 did not; NestedCondition on DataSourceAutoConfiguration.PooledDataSourceCondition.PooledDataSourceAvailable PooledDataSource found supported DataSource; NestedCondition on DataSourceAutoConfiguration.PooledDataSourceCondition.ExplicitType @ConditionalOnProperty (spring.datasource.type) did not find property 'spring.datasource.type' (DataSourceAutoConfiguration.PooledDataSourceCondition)
      - @ConditionalOnMissingBean (types: javax.sql.DataSource,javax.sql.XADataSource; SearchStrategy: all) did not find any beans (OnBeanCondition)

   DataSourceAutoConfiguration.PooledDataSourceConfiguration#jdbcConnectionDetails matched:
      - @ConditionalOnMissingBean (types: org.springframework.boot.autoconfigure.jdbc.JdbcConnectionDetails; SearchStrategy: all) did not find any beans (OnBeanCondition)

   DataSourceConfiguration.Hikari matched:
      - @ConditionalOnClass found required class 'com.zaxxer.hikari.HikariDataSource' (OnClassCondition)
      - @ConditionalOnProperty (spring.datasource.type=com.zaxxer.hikari.HikariDataSource) matched (OnPropertyCondition)
      - @ConditionalOnMissingBean (types: javax.sql.DataSource; SearchStrategy: all) did not find any beans (OnBeanCondition)

   DataSourceHealthContributorAutoConfiguration matched:
      - @ConditionalOnClass found required classes 'org.springframework.jdbc.core.JdbcTemplate', 'org.springframework.jdbc.datasource.lookup.AbstractRoutingDataSource' (OnClassCondition)
      - @ConditionalOnEnabledHealthIndicator management.health.defaults.enabled is considered true (OnEnabledHealthIndicatorCondition)
      - @ConditionalOnBean (types: javax.sql.DataSource; SearchStrategy: all) found bean 'dataSource' (OnBeanCondition)

   DataSourceHealthContributorAutoConfiguration#dbHealthContributor matched:
      - @ConditionalOnMissingBean (names: dbHealthIndicator,dbHealthContributor; SearchStrategy: all) did not find any beans (OnBeanCondition)

   DataSourceInitializationConfiguration matched:
      - @ConditionalOnClass found required class 'org.springframework.jdbc.datasource.init.DatabasePopulator' (OnClassCondition)
      - @ConditionalOnSingleCandidate (types: javax.sql.DataSource; SearchStrategy: all) found a single bean 'dataSource'; @ConditionalOnMissingBean (types: org.springframework.boot.autoconfigure.sql.init.SqlDataSourceScriptDatabaseInitializer,org.springframework.boot.autoconfigure.sql.init.SqlR2dbcScriptDatabaseInitializer; SearchStrategy: all) did not find any beans (OnBeanCondition)

   DataSourcePoolMetadataProvidersConfiguration.HikariPoolDataSourceMetadataProviderConfiguration matched:
      - @ConditionalOnClass found required class 'com.zaxxer.hikari.HikariDataSource' (OnClassCondition)

   DataSourcePoolMetricsAutoConfiguration matched:
      - @ConditionalOnClass found required classes 'javax.sql.DataSource', 'io.micrometer.core.instrument.MeterRegistry' (OnClassCondition)
      - @ConditionalOnBean (types: javax.sql.DataSource,io.micrometer.core.instrument.MeterRegistry; SearchStrategy: all) found beans 'simpleMeterRegistry', 'dataSource' (OnBeanCondition)

   DataSourcePoolMetricsAutoConfiguration.DataSourcePoolMetadataMetricsConfiguration matched:
      - @ConditionalOnBean (types: org.springframework.boot.jdbc.metadata.DataSourcePoolMetadataProvider; SearchStrategy: all) found bean 'hikariPoolDataSourceMetadataProvider' (OnBeanCondition)

   DataSourcePoolMetricsAutoConfiguration.HikariDataSourceMetricsConfiguration matched:
      - @ConditionalOnClass found required class 'com.zaxxer.hikari.HikariDataSource' (OnClassCondition)

   DataSourceTransactionManagerAutoConfiguration matched:
      - @ConditionalOnClass found required classes 'javax.sql.DataSource', 'org.springframework.jdbc.core.JdbcTemplate', 'org.springframework.transaction.TransactionManager' (OnClassCondition)

   DataSourceTransactionManagerAutoConfiguration.JdbcTransactionManagerConfiguration matched:
      - @ConditionalOnSingleCandidate (types: javax.sql.DataSource; SearchStrategy: all) found a single bean 'dataSource' (OnBeanCondition)

   DiskSpaceHealthContributorAutoConfiguration matched:
      - @ConditionalOnEnabledHealthIndicator management.health.defaults.enabled is considered true (OnEnabledHealthIndicatorCondition)

   DiskSpaceHealthContributorAutoConfiguration#diskSpaceHealthIndicator matched:
      - @ConditionalOnMissingBean (names: diskSpaceHealthIndicator; SearchStrategy: all) did not find any beans (OnBeanCondition)

   DispatcherServletAutoConfiguration matched:
      - @ConditionalOnClass found required class 'org.springframework.web.servlet.DispatcherServlet' (OnClassCondition)
      - found 'session' scope (OnWebApplicationCondition)

   DispatcherServletAutoConfiguration.DispatcherServletConfiguration matched:
      - @ConditionalOnClass found required class 'jakarta.servlet.ServletRegistration' (OnClassCondition)
      - Default DispatcherServlet did not find dispatcher servlet beans (DispatcherServletAutoConfiguration.DefaultDispatcherServletCondition)

   DispatcherServletAutoConfiguration.DispatcherServletRegistrationConfiguration matched:
      - @ConditionalOnClass found required class 'jakarta.servlet.ServletRegistration' (OnClassCondition)
      - DispatcherServlet Registration did not find servlet registration bean (DispatcherServletAutoConfiguration.DispatcherServletRegistrationCondition)

   DispatcherServletAutoConfiguration.DispatcherServletRegistrationConfiguration#dispatcherServletRegistration matched:
      - @ConditionalOnBean (names: dispatcherServlet types: org.springframework.web.servlet.DispatcherServlet; SearchStrategy: all) found bean 'dispatcherServlet' (OnBeanCondition)

   EmbeddedWebServerFactoryCustomizerAutoConfiguration matched:
      - @ConditionalOnWebApplication (required) found 'session' scope (OnWebApplicationCondition)
      - @ConditionalOnWarDeployment the application is not deployed as a WAR file. (OnWarDeploymentCondition)

   EmbeddedWebServerFactoryCustomizerAutoConfiguration.TomcatWebServerFactoryCustomizerConfiguration matched:
      - @ConditionalOnClass found required classes 'org.apache.catalina.startup.Tomcat', 'org.apache.coyote.UpgradeProtocol' (OnClassCondition)

   EndpointAutoConfiguration#endpointCachingOperationInvokerAdvisor matched:
      - @ConditionalOnMissingBean (types: org.springframework.boot.actuate.endpoint.invoker.cache.CachingOperationInvokerAdvisor; SearchStrategy: all) did not find any beans (OnBeanCondition)

   EndpointAutoConfiguration#endpointOperationParameterMapper matched:
      - @ConditionalOnMissingBean (types: org.springframework.boot.actuate.endpoint.invoke.ParameterValueMapper; SearchStrategy: all) did not find any beans (OnBeanCondition)

   EndpointAutoConfiguration#propertiesEndpointAccessResolver matched:
      - @ConditionalOnMissingBean (types: org.springframework.boot.actuate.endpoint.EndpointAccessResolver; SearchStrategy: all) did not find any beans (OnBeanCondition)

   ErrorMvcAutoConfiguration matched:
      - @ConditionalOnClass found required classes 'jakarta.servlet.Servlet', 'org.springframework.web.servlet.DispatcherServlet' (OnClassCondition)
      - found 'session' scope (OnWebApplicationCondition)

   ErrorMvcAutoConfiguration#basicErrorController matched:
      - @ConditionalOnMissingBean (types: org.springframework.boot.web.servlet.error.ErrorController; SearchStrategy: current) did not find any beans (OnBeanCondition)

   ErrorMvcAutoConfiguration#errorAttributes matched:
      - @ConditionalOnMissingBean (types: org.springframework.boot.web.servlet.error.ErrorAttributes; SearchStrategy: current) did not find any beans (OnBeanCondition)

   ErrorMvcAutoConfiguration.DefaultErrorViewResolverConfiguration#conventionErrorViewResolver matched:
      - @ConditionalOnBean (types: org.springframework.web.servlet.DispatcherServlet; SearchStrategy: all) found bean 'dispatcherServlet'; @ConditionalOnMissingBean (types: org.springframework.boot.autoconfigure.web.servlet.error.ErrorViewResolver; SearchStrategy: all) did not find any beans (OnBeanCondition)

   ErrorMvcAutoConfiguration.WhitelabelErrorViewConfiguration matched:
      - @ConditionalOnBooleanProperty (server.error.whitelabel.enabled=true) matched (OnPropertyCondition)
      - ErrorTemplate Missing did not find error template view (ErrorMvcAutoConfiguration.ErrorTemplateMissingCondition)

   ErrorMvcAutoConfiguration.WhitelabelErrorViewConfiguration#beanNameViewResolver matched:
      - @ConditionalOnMissingBean (types: org.springframework.web.servlet.view.BeanNameViewResolver; SearchStrategy: all) did not find any beans (OnBeanCondition)

   ErrorMvcAutoConfiguration.WhitelabelErrorViewConfiguration#defaultErrorView matched:
      - @ConditionalOnMissingBean (names: error; SearchStrategy: all) did not find any beans (OnBeanCondition)

   GenericCacheConfiguration matched:
      - Cache org.springframework.boot.autoconfigure.cache.GenericCacheConfiguration automatic cache type (CacheCondition)

   HealthContributorAutoConfiguration#pingHealthContributor matched:
      - @ConditionalOnEnabledHealthIndicator management.health.defaults.enabled is considered true (OnEnabledHealthIndicatorCondition)

   HealthEndpointAutoConfiguration matched:
      - @ConditionalOnAvailableEndpoint marked as exposed by a 'management.endpoints.web.exposure' property (OnAvailableEndpointCondition)

   HealthEndpointConfiguration#healthContributorRegistry matched:
      - @ConditionalOnMissingBean (types: org.springframework.boot.actuate.health.HealthContributorRegistry; SearchStrategy: all) did not find any beans (OnBeanCondition)

   HealthEndpointConfiguration#healthEndpoint matched:
      - @ConditionalOnMissingBean (types: org.springframework.boot.actuate.health.HealthEndpoint; SearchStrategy: all) did not find any beans (OnBeanCondition)

   HealthEndpointConfiguration#healthEndpointGroupMembershipValidator matched:
      - @ConditionalOnBooleanProperty (management.endpoint.health.validate-group-membership=true) matched (OnPropertyCondition)

   HealthEndpointConfiguration#healthEndpointGroups matched:
      - @ConditionalOnMissingBean (types: org.springframework.boot.actuate.health.HealthEndpointGroups; SearchStrategy: all) did not find any beans (OnBeanCondition)

   HealthEndpointConfiguration#healthHttpCodeStatusMapper matched:
      - @ConditionalOnMissingBean (types: org.springframework.boot.actuate.health.HttpCodeStatusMapper; SearchStrategy: all) did not find any beans (OnBeanCondition)

   HealthEndpointConfiguration#healthStatusAggregator matched:
      - @ConditionalOnMissingBean (types: org.springframework.boot.actuate.health.StatusAggregator; SearchStrategy: all) did not find any beans (OnBeanCondition)

   HealthEndpointWebExtensionConfiguration matched:
      - found 'session' scope (OnWebApplicationCondition)
      - @ConditionalOnAvailableEndpoint marked as exposed by a 'management.endpoints.web.exposure' property (OnAvailableEndpointCondition)
      - @ConditionalOnBean (types: org.springframework.boot.actuate.health.HealthEndpoint; SearchStrategy: all) found bean 'healthEndpoint' (OnBeanCondition)

   HealthEndpointWebExtensionConfiguration#healthEndpointWebExtension matched:
      - @ConditionalOnMissingBean (types: org.springframework.boot.actuate.health.HealthEndpointWebExtension; SearchStrategy: all) did not find any beans (OnBeanCondition)

   HealthEndpointWebExtensionConfiguration.MvcAdditionalHealthEndpointPathsConfiguration matched:
      - @ConditionalOnBean (types: org.springframework.web.servlet.DispatcherServlet; SearchStrategy: all) found bean 'dispatcherServlet' (OnBeanCondition)

   HibernateJpaAutoConfiguration matched:
      - @ConditionalOnClass found required classes 'org.springframework.orm.jpa.LocalContainerEntityManagerFactoryBean', 'jakarta.persistence.EntityManager', 'org.hibernate.engine.spi.SessionImplementor' (OnClassCondition)

   HibernateJpaConfiguration matched:
      - @ConditionalOnSingleCandidate (types: javax.sql.DataSource; SearchStrategy: all) found a single bean 'dataSource' (OnBeanCondition)

   HttpClientAutoConfiguration matched:
      - @ConditionalOnClass found required class 'org.springframework.http.client.ClientHttpRequestFactory' (OnClassCondition)
      - NoneNestedConditions 0 matched 1 did not; NestedCondition on NotReactiveWebApplicationCondition.ReactiveWebApplication did not find reactive web application classes (NotReactiveWebApplicationCondition)

   HttpClientAutoConfiguration#clientHttpRequestFactoryBuilder matched:
      - @ConditionalOnMissingBean (types: org.springframework.boot.http.client.ClientHttpRequestFactoryBuilder<?>; SearchStrategy: all) did not find any beans (OnBeanCondition)

   HttpClientAutoConfiguration#clientHttpRequestFactorySettings matched:
      - @ConditionalOnMissingBean (types: org.springframework.boot.http.client.ClientHttpRequestFactorySettings; SearchStrategy: all) did not find any beans (OnBeanCondition)

   HttpClientObservationsAutoConfiguration matched:
      - @ConditionalOnClass found required class 'io.micrometer.observation.Observation' (OnClassCondition)
      - @ConditionalOnBean (types: io.micrometer.observation.ObservationRegistry; SearchStrategy: all) found bean 'observationRegistry' (OnBeanCondition)

   HttpClientObservationsAutoConfiguration.MeterFilterConfiguration matched:
      - @ConditionalOnClass found required class 'io.micrometer.core.instrument.MeterRegistry' (OnClassCondition)
      - @ConditionalOnBean (types: io.micrometer.core.instrument.MeterRegistry; SearchStrategy: all) found bean 'simpleMeterRegistry' (OnBeanCondition)

   HttpEncodingAutoConfiguration matched:
      - @ConditionalOnClass found required class 'org.springframework.web.filter.CharacterEncodingFilter' (OnClassCondition)
      - found 'session' scope (OnWebApplicationCondition)
      - @ConditionalOnBooleanProperty (server.servlet.encoding.enabled=true) matched (OnPropertyCondition)

   HttpEncodingAutoConfiguration#characterEncodingFilter matched:
      - @ConditionalOnMissingBean (types: org.springframework.web.filter.CharacterEncodingFilter; SearchStrategy: all) did not find any beans (OnBeanCondition)

   HttpMessageConvertersAutoConfiguration matched:
      - @ConditionalOnClass found required class 'org.springframework.http.converter.HttpMessageConverter' (OnClassCondition)
      - NoneNestedConditions 0 matched 1 did not; NestedCondition on HttpMessageConvertersAutoConfiguration.NotReactiveWebApplicationCondition.ReactiveWebApplication did not find reactive web application classes (HttpMessageConvertersAutoConfiguration.NotReactiveWebApplicationCondition)

   HttpMessageConvertersAutoConfiguration#messageConverters matched:
      - @ConditionalOnMissingBean (types: org.springframework.boot.autoconfigure.http.HttpMessageConverters; SearchStrategy: all) did not find any beans (OnBeanCondition)

   HttpMessageConvertersAutoConfiguration.StringHttpMessageConverterConfiguration matched:
      - @ConditionalOnClass found required class 'org.springframework.http.converter.StringHttpMessageConverter' (OnClassCondition)

   HttpMessageConvertersAutoConfiguration.StringHttpMessageConverterConfiguration#stringHttpMessageConverter matched:
      - @ConditionalOnMissingBean (types: org.springframework.http.converter.StringHttpMessageConverter; SearchStrategy: all) did not find any beans (OnBeanCondition)

   JacksonAutoConfiguration matched:
      - @ConditionalOnClass found required class 'com.fasterxml.jackson.databind.ObjectMapper' (OnClassCondition)

   JacksonAutoConfiguration.Jackson2ObjectMapperBuilderCustomizerConfiguration matched:
      - @ConditionalOnClass found required class 'org.springframework.http.converter.json.Jackson2ObjectMapperBuilder' (OnClassCondition)

   JacksonAutoConfiguration.JacksonObjectMapperBuilderConfiguration matched:
      - @ConditionalOnClass found required class 'org.springframework.http.converter.json.Jackson2ObjectMapperBuilder' (OnClassCondition)

   JacksonAutoConfiguration.JacksonObjectMapperBuilderConfiguration#jacksonObjectMapperBuilder matched:
      - @ConditionalOnMissingBean (types: org.springframework.http.converter.json.Jackson2ObjectMapperBuilder; SearchStrategy: all) did not find any beans (OnBeanCondition)

   JacksonAutoConfiguration.JacksonObjectMapperConfiguration matched:
      - @ConditionalOnClass found required class 'org.springframework.http.converter.json.Jackson2ObjectMapperBuilder' (OnClassCondition)

   JacksonAutoConfiguration.JacksonObjectMapperConfiguration#jacksonObjectMapper matched:
      - @ConditionalOnMissingBean (types: com.fasterxml.jackson.databind.ObjectMapper; SearchStrategy: all) did not find any beans (OnBeanCondition)

   JacksonAutoConfiguration.ParameterNamesModuleConfiguration matched:
      - @ConditionalOnClass found required class 'com.fasterxml.jackson.module.paramnames.ParameterNamesModule' (OnClassCondition)

   JacksonAutoConfiguration.ParameterNamesModuleConfiguration#parameterNamesModule matched:
      - @ConditionalOnMissingBean (types: com.fasterxml.jackson.module.paramnames.ParameterNamesModule; SearchStrategy: all) did not find any beans (OnBeanCondition)

   JacksonEndpointAutoConfiguration#endpointObjectMapper matched:
      - @ConditionalOnClass found required classes 'com.fasterxml.jackson.databind.ObjectMapper', 'org.springframework.http.converter.json.Jackson2ObjectMapperBuilder' (OnClassCondition)
      - @ConditionalOnBooleanProperty (management.endpoints.jackson.isolated-object-mapper=true) matched (OnPropertyCondition)

   JacksonHttpMessageConvertersConfiguration.MappingJackson2HttpMessageConverterConfiguration matched:
      - @ConditionalOnClass found required class 'com.fasterxml.jackson.databind.ObjectMapper' (OnClassCondition)
      - @ConditionalOnPreferredJsonMapper JACKSON no property was configured and Jackson is the default (OnPreferredJsonMapperCondition)
      - @ConditionalOnBean (types: com.fasterxml.jackson.databind.ObjectMapper; SearchStrategy: all) found bean 'jacksonObjectMapper' (OnBeanCondition)

   JacksonHttpMessageConvertersConfiguration.MappingJackson2HttpMessageConverterConfiguration#mappingJackson2HttpMessageConverter matched:
      - @ConditionalOnMissingBean (types: org.springframework.http.converter.json.MappingJackson2HttpMessageConverter ignored: ?; SearchStrategy: all) did not find any beans (OnBeanCondition)

   JdbcClientAutoConfiguration matched:
      - @ConditionalOnSingleCandidate (types: org.springframework.jdbc.core.namedparam.NamedParameterJdbcTemplate; SearchStrategy: all) found a single bean 'namedParameterJdbcTemplate'; @ConditionalOnMissingBean (types: org.springframework.jdbc.core.simple.JdbcClient; SearchStrategy: all) did not find any beans (OnBeanCondition)

   JdbcTemplateAutoConfiguration matched:
      - @ConditionalOnClass found required classes 'javax.sql.DataSource', 'org.springframework.jdbc.core.JdbcTemplate' (OnClassCondition)
      - @ConditionalOnSingleCandidate (types: javax.sql.DataSource; SearchStrategy: all) found a single bean 'dataSource' (OnBeanCondition)

   JdbcTemplateConfiguration matched:
      - @ConditionalOnMissingBean (types: org.springframework.jdbc.core.JdbcOperations; SearchStrategy: all) did not find any beans (OnBeanCondition)

   JpaBaseConfiguration#entityManagerFactory matched:
      - @ConditionalOnMissingBean (types: org.springframework.orm.jpa.LocalContainerEntityManagerFactoryBean,jakarta.persistence.EntityManagerFactory; SearchStrategy: all) did not find any beans (OnBeanCondition)

   JpaBaseConfiguration#entityManagerFactoryBuilder matched:
      - @ConditionalOnMissingBean (types: org.springframework.boot.orm.jpa.EntityManagerFactoryBuilder; SearchStrategy: all) did not find any beans (OnBeanCondition)

   JpaBaseConfiguration#jpaVendorAdapter matched:
      - @ConditionalOnMissingBean (types: org.springframework.orm.jpa.JpaVendorAdapter; SearchStrategy: all) did not find any beans (OnBeanCondition)

   JpaBaseConfiguration#transactionManager matched:
      - @ConditionalOnMissingBean (types: org.springframework.transaction.TransactionManager; SearchStrategy: all) did not find any beans (OnBeanCondition)

   JpaBaseConfiguration.JpaWebConfiguration matched:
      - @ConditionalOnClass found required class 'org.springframework.web.servlet.config.annotation.WebMvcConfigurer' (OnClassCondition)
      - found 'session' scope (OnWebApplicationCondition)
      - @ConditionalOnBooleanProperty (spring.jpa.open-in-view=true) matched (OnPropertyCondition)
      - @ConditionalOnMissingBean (types: org.springframework.orm.jpa.support.OpenEntityManagerInViewInterceptor,org.springframework.orm.jpa.support.OpenEntityManagerInViewFilter; SearchStrategy: all) did not find any beans (OnBeanCondition)

   JpaBaseConfiguration.PersistenceManagedTypesConfiguration matched:
      - @ConditionalOnMissingBean (types: org.springframework.orm.jpa.LocalContainerEntityManagerFactoryBean,jakarta.persistence.EntityManagerFactory; SearchStrategy: all) did not find any beans (OnBeanCondition)

   JpaBaseConfiguration.PersistenceManagedTypesConfiguration#persistenceManagedTypes matched:
      - @ConditionalOnMissingBean (types: org.springframework.orm.jpa.persistenceunit.PersistenceManagedTypes; SearchStrategy: all) did not find any beans (OnBeanCondition)

   JpaRepositoriesAutoConfiguration matched:
      - @ConditionalOnClass found required class 'org.springframework.data.jpa.repository.JpaRepository' (OnClassCondition)
      - @ConditionalOnBooleanProperty (spring.data.jpa.repositories.enabled=true) matched (OnPropertyCondition)
      - @ConditionalOnBean (types: javax.sql.DataSource; SearchStrategy: all) found bean 'dataSource'; @ConditionalOnMissingBean (types: org.springframework.data.jpa.repository.support.JpaRepositoryFactoryBean,org.springframework.data.jpa.repository.config.JpaRepositoryConfigExtension; SearchStrategy: all) did not find any beans (OnBeanCondition)

   JtaAutoConfiguration matched:
      - @ConditionalOnClass found required class 'jakarta.transaction.Transaction' (OnClassCondition)
      - @ConditionalOnBooleanProperty (spring.jta.enabled=true) matched (OnPropertyCondition)

   JvmMetricsAutoConfiguration matched:
      - @ConditionalOnClass found required class 'io.micrometer.core.instrument.MeterRegistry' (OnClassCondition)
      - @ConditionalOnBean (types: io.micrometer.core.instrument.MeterRegistry; SearchStrategy: all) found bean 'simpleMeterRegistry' (OnBeanCondition)

   JvmMetricsAutoConfiguration#classLoaderMetrics matched:
      - @ConditionalOnMissingBean (types: io.micrometer.core.instrument.binder.jvm.ClassLoaderMetrics; SearchStrategy: all) did not find any beans (OnBeanCondition)

   JvmMetricsAutoConfiguration#jvmCompilationMetrics matched:
      - @ConditionalOnMissingBean (types: io.micrometer.core.instrument.binder.jvm.JvmCompilationMetrics; SearchStrategy: all) did not find any beans (OnBeanCondition)

   JvmMetricsAutoConfiguration#jvmGcMetrics matched:
      - @ConditionalOnMissingBean (types: io.micrometer.core.instrument.binder.jvm.JvmGcMetrics; SearchStrategy: all) did not find any beans (OnBeanCondition)

   JvmMetricsAutoConfiguration#jvmHeapPressureMetrics matched:
      - @ConditionalOnMissingBean (types: io.micrometer.core.instrument.binder.jvm.JvmHeapPressureMetrics; SearchStrategy: all) did not find any beans (OnBeanCondition)

   JvmMetricsAutoConfiguration#jvmInfoMetrics matched:
      - @ConditionalOnMissingBean (types: io.micrometer.core.instrument.binder.jvm.JvmInfoMetrics; SearchStrategy: all) did not find any beans (OnBeanCondition)

   JvmMetricsAutoConfiguration#jvmMemoryMetrics matched:
      - @ConditionalOnMissingBean (types: io.micrometer.core.instrument.binder.jvm.JvmMemoryMetrics; SearchStrategy: all) did not find any beans (OnBeanCondition)

   JvmMetricsAutoConfiguration#jvmThreadMetrics matched:
      - @ConditionalOnMissingBean (types: io.micrometer.core.instrument.binder.jvm.JvmThreadMetrics; SearchStrategy: all) did not find any beans (OnBeanCondition)

   LifecycleAutoConfiguration#defaultLifecycleProcessor matched:
      - @ConditionalOnMissingBean (names: lifecycleProcessor; SearchStrategy: current) did not find any beans (OnBeanCondition)

   LogbackMetricsAutoConfiguration matched:
      - @ConditionalOnClass found required classes 'io.micrometer.core.instrument.MeterRegistry', 'ch.qos.logback.classic.LoggerContext', 'org.slf4j.LoggerFactory' (OnClassCondition)
      - LogbackLoggingCondition ILoggerFactory is a Logback LoggerContext (LogbackMetricsAutoConfiguration.LogbackLoggingCondition)
      - @ConditionalOnBean (types: io.micrometer.core.instrument.MeterRegistry; SearchStrategy: all) found bean 'simpleMeterRegistry' (OnBeanCondition)

   LogbackMetricsAutoConfiguration#logbackMetrics matched:
      - @ConditionalOnMissingBean (types: io.micrometer.core.instrument.binder.logging.LogbackMetrics; SearchStrategy: all) did not find any beans (OnBeanCondition)

   MailHealthContributorAutoConfiguration matched:
      - @ConditionalOnClass found required class 'org.springframework.mail.javamail.JavaMailSenderImpl' (OnClassCondition)
      - @ConditionalOnEnabledHealthIndicator management.health.defaults.enabled is considered true (OnEnabledHealthIndicatorCondition)
      - @ConditionalOnBean (types: org.springframework.mail.javamail.JavaMailSenderImpl; SearchStrategy: all) found bean 'mailSender' (OnBeanCondition)

   MailHealthContributorAutoConfiguration#mailHealthContributor matched:
      - @ConditionalOnMissingBean (names: mailHealthIndicator,mailHealthContributor; SearchStrategy: all) did not find any beans (OnBeanCondition)

   MailSenderAutoConfiguration matched:
      - @ConditionalOnClass found required classes 'jakarta.mail.internet.MimeMessage', 'jakarta.activation.MimeType', 'org.springframework.mail.MailSender' (OnClassCondition)
      - AnyNestedCondition 1 matched 1 did not; NestedCondition on MailSenderAutoConfiguration.MailSenderCondition.JndiNameProperty @ConditionalOnProperty (spring.mail.jndi-name) did not find property 'spring.mail.jndi-name'; NestedCondition on MailSenderAutoConfiguration.MailSenderCondition.HostProperty @ConditionalOnProperty (spring.mail.host) matched (MailSenderAutoConfiguration.MailSenderCondition)
      - @ConditionalOnMissingBean (types: org.springframework.mail.MailSender; SearchStrategy: all) did not find any beans (OnBeanCondition)

   MailSenderPropertiesConfiguration matched:
      - @ConditionalOnProperty (spring.mail.host) matched (OnPropertyCondition)

   MailSenderPropertiesConfiguration#mailSender matched:
      - @ConditionalOnMissingBean (types: org.springframework.mail.javamail.JavaMailSender; SearchStrategy: all) did not find any beans (OnBeanCondition)

   ManagementContextAutoConfiguration.SameManagementContextConfiguration matched:
      - Management Port actual port type (SAME) matched required type (OnManagementPortCondition)

   MappingsEndpointAutoConfiguration matched:
      - @ConditionalOnAvailableEndpoint marked as exposed by a 'management.endpoints.web.exposure' property (OnAvailableEndpointCondition)

   MappingsEndpointAutoConfiguration.ServletWebConfiguration matched:
      - found 'session' scope (OnWebApplicationCondition)

   MappingsEndpointAutoConfiguration.ServletWebConfiguration.SpringMvcConfiguration matched:
      - @ConditionalOnClass found required class 'org.springframework.web.servlet.DispatcherServlet' (OnClassCondition)
      - @ConditionalOnBean (types: org.springframework.web.servlet.DispatcherServlet; SearchStrategy: all) found bean 'dispatcherServlet' (OnBeanCondition)

   MetricsAutoConfiguration matched:
      - @ConditionalOnClass found required class 'io.micrometer.core.annotation.Timed' (OnClassCondition)

   MetricsAutoConfiguration#micrometerClock matched:
      - @ConditionalOnMissingBean (types: io.micrometer.core.instrument.Clock; SearchStrategy: all) did not find any beans (OnBeanCondition)

   MultipartAutoConfiguration matched:
      - @ConditionalOnClass found required classes 'jakarta.servlet.Servlet', 'org.springframework.web.multipart.support.StandardServletMultipartResolver', 'jakarta.servlet.MultipartConfigElement' (OnClassCondition)
      - found 'session' scope (OnWebApplicationCondition)
      - @ConditionalOnBooleanProperty (spring.servlet.multipart.enabled=true) matched (OnPropertyCondition)

   MultipartAutoConfiguration#multipartConfigElement matched:
      - @ConditionalOnMissingBean (types: jakarta.servlet.MultipartConfigElement; SearchStrategy: all) did not find any beans (OnBeanCondition)

   MultipartAutoConfiguration#multipartResolver matched:
      - @ConditionalOnMissingBean (types: org.springframework.web.multipart.MultipartResolver; SearchStrategy: all) did not find any beans (OnBeanCondition)

   NamedParameterJdbcTemplateConfiguration matched:
      - @ConditionalOnSingleCandidate (types: org.springframework.jdbc.core.JdbcTemplate; SearchStrategy: all) found a single bean 'jdbcTemplate'; @ConditionalOnMissingBean (types: org.springframework.jdbc.core.namedparam.NamedParameterJdbcOperations; SearchStrategy: all) did not find any beans (OnBeanCondition)

   NoOpCacheConfiguration matched:
      - Cache org.springframework.boot.autoconfigure.cache.NoOpCacheConfiguration automatic cache type (CacheCondition)

   OAuth2ClientAutoConfiguration matched:
      - @ConditionalOnClass found required class 'org.springframework.security.oauth2.client.registration.ClientRegistration' (OnClassCondition)
      - NoneNestedConditions 0 matched 1 did not; NestedCondition on OAuth2ClientAutoConfiguration.NonReactiveWebApplicationCondition.ReactiveWebApplicationCondition did not find reactive web application classes (OAuth2ClientAutoConfiguration.NonReactiveWebApplicationCondition)

   ObservationAutoConfiguration matched:
      - @ConditionalOnClass found required class 'io.micrometer.observation.ObservationRegistry' (OnClassCondition)

   ObservationAutoConfiguration#observationRegistry matched:
      - @ConditionalOnMissingBean (types: io.micrometer.observation.ObservationRegistry; SearchStrategy: all) did not find any beans (OnBeanCondition)

   ObservationAutoConfiguration.MeterObservationHandlerConfiguration matched:
      - @ConditionalOnBean (types: io.micrometer.core.instrument.MeterRegistry; SearchStrategy: all) found bean 'simpleMeterRegistry'; @ConditionalOnMissingBean (types: io.micrometer.core.instrument.observation.MeterObservationHandler; SearchStrategy: all) did not find any beans (OnBeanCondition)

   ObservationAutoConfiguration.MeterObservationHandlerConfiguration.OnlyMetricsMeterObservationHandlerConfiguration matched:
      - @ConditionalOnMissingBean (types: ?; SearchStrategy: all) did not find any beans (OnBeanCondition)

   ObservationAutoConfiguration.OnlyMetricsConfiguration matched:
      - @ConditionalOnClass found required class 'io.micrometer.core.instrument.MeterRegistry'; @ConditionalOnMissingClass did not find unwanted class 'io.micrometer.tracing.Tracer' (OnClassCondition)

   PersistenceExceptionTranslationAutoConfiguration matched:
      - @ConditionalOnClass found required class 'org.springframework.dao.annotation.PersistenceExceptionTranslationPostProcessor' (OnClassCondition)

   PersistenceExceptionTranslationAutoConfiguration#persistenceExceptionTranslationPostProcessor matched:
      - @ConditionalOnBooleanProperty (spring.dao.exceptiontranslation.enabled=true) matched (OnPropertyCondition)
      - @ConditionalOnMissingBean (types: org.springframework.dao.annotation.PersistenceExceptionTranslationPostProcessor; SearchStrategy: all) did not find any beans (OnBeanCondition)

   PropertyPlaceholderAutoConfiguration#propertySourcesPlaceholderConfigurer matched:
      - @ConditionalOnMissingBean (types: org.springframework.context.support.PropertySourcesPlaceholderConfigurer; SearchStrategy: current) did not find any beans (OnBeanCondition)

   RepositoryMetricsAutoConfiguration matched:
      - @ConditionalOnClass found required class 'org.springframework.data.repository.Repository' (OnClassCondition)
      - @ConditionalOnBean (types: io.micrometer.core.instrument.MeterRegistry; SearchStrategy: all) found bean 'simpleMeterRegistry' (OnBeanCondition)

   RepositoryMetricsAutoConfiguration#metricsRepositoryMethodInvocationListener matched:
      - @ConditionalOnMissingBean (types: org.springframework.boot.actuate.metrics.data.MetricsRepositoryMethodInvocationListener; SearchStrategy: all) did not find any beans (OnBeanCondition)

   RepositoryMetricsAutoConfiguration#repositoryTagsProvider matched:
      - @ConditionalOnMissingBean (types: org.springframework.boot.actuate.metrics.data.RepositoryTagsProvider; SearchStrategy: all) did not find any beans (OnBeanCondition)

   RestClientAutoConfiguration matched:
      - @ConditionalOnClass found required class 'org.springframework.web.client.RestClient' (OnClassCondition)
      - AnyNestedCondition 1 matched 1 did not; NestedCondition on NotReactiveWebApplicationOrVirtualThreadsExecutorEnabledCondition.VirtualThreadsExecutorEnabled found non-matching nested conditions @ConditionalOnThreading did not find VIRTUAL; NestedCondition on NotReactiveWebApplicationOrVirtualThreadsExecutorEnabledCondition.NotReactiveWebApplication NoneNestedConditions 0 matched 1 did not; NestedCondition on NotReactiveWebApplicationCondition.ReactiveWebApplication did not find reactive web application classes (NotReactiveWebApplicationOrVirtualThreadsExecutorEnabledCondition)

   RestClientAutoConfiguration#httpMessageConvertersRestClientCustomizer matched:
      - @ConditionalOnMissingBean (types: org.springframework.boot.autoconfigure.web.client.HttpMessageConvertersRestClientCustomizer; SearchStrategy: all) did not find any beans (OnBeanCondition)

   RestClientAutoConfiguration#restClientBuilder matched:
      - @ConditionalOnMissingBean (types: org.springframework.web.client.RestClient$Builder; SearchStrategy: all) did not find any beans (OnBeanCondition)

   RestClientAutoConfiguration#restClientBuilderConfigurer matched:
      - @ConditionalOnMissingBean (types: org.springframework.boot.autoconfigure.web.client.RestClientBuilderConfigurer; SearchStrategy: all) did not find any beans (OnBeanCondition)

   RestClientAutoConfiguration#restClientSsl matched:
      - @ConditionalOnBean (types: org.springframework.boot.ssl.SslBundles; SearchStrategy: all) found bean 'sslBundleRegistry'; @ConditionalOnMissingBean (types: org.springframework.boot.autoconfigure.web.client.RestClientSsl; SearchStrategy: all) did not find any beans (OnBeanCondition)

   RestClientObservationConfiguration matched:
      - @ConditionalOnClass found required class 'org.springframework.web.client.RestClient' (OnClassCondition)
      - @ConditionalOnBean (types: org.springframework.web.client.RestClient$Builder; SearchStrategy: all) found bean 'restClientBuilder' (OnBeanCondition)

   RestTemplateAutoConfiguration matched:
      - @ConditionalOnClass found required class 'org.springframework.web.client.RestTemplate' (OnClassCondition)
      - NoneNestedConditions 0 matched 1 did not; NestedCondition on NotReactiveWebApplicationCondition.ReactiveWebApplication did not find reactive web application classes (NotReactiveWebApplicationCondition)

   RestTemplateAutoConfiguration#restTemplateBuilder matched:
      - @ConditionalOnMissingBean (types: org.springframework.boot.web.client.RestTemplateBuilder; SearchStrategy: all) did not find any beans (OnBeanCondition)

   RestTemplateObservationConfiguration matched:
      - @ConditionalOnClass found required class 'org.springframework.web.client.RestTemplate' (OnClassCondition)
      - @ConditionalOnBean (types: org.springframework.boot.web.client.RestTemplateBuilder; SearchStrategy: all) found bean 'restTemplateBuilder' (OnBeanCondition)

   ScheduledTasksObservabilityAutoConfiguration matched:
      - @ConditionalOnClass found required class 'org.springframework.scheduling.concurrent.ThreadPoolTaskScheduler' (OnClassCondition)
      - @ConditionalOnBean (types: io.micrometer.observation.ObservationRegistry; SearchStrategy: all) found bean 'observationRegistry' (OnBeanCondition)

   SecurityAutoConfiguration matched:
      - @ConditionalOnClass found required class 'org.springframework.security.authentication.DefaultAuthenticationEventPublisher' (OnClassCondition)

   SecurityAutoConfiguration#authenticationEventPublisher matched:
      - @ConditionalOnMissingBean (types: org.springframework.security.authentication.AuthenticationEventPublisher; SearchStrategy: all) did not find any beans (OnBeanCondition)

   SecurityFilterAutoConfiguration matched:
      - @ConditionalOnClass found required classes 'org.springframework.security.web.context.AbstractSecurityWebApplicationInitializer', 'org.springframework.security.config.http.SessionCreationPolicy' (OnClassCondition)
      - found 'session' scope (OnWebApplicationCondition)

   SecurityFilterAutoConfiguration#securityFilterChainRegistration matched:
      - @ConditionalOnBean (names: springSecurityFilterChain; SearchStrategy: all) found bean 'springSecurityFilterChain' (OnBeanCondition)

   SecurityRequestMatchersManagementContextConfiguration matched:
      - @ConditionalOnClass found required class 'org.springframework.security.web.util.matcher.RequestMatcher' (OnClassCondition)
      - found 'session' scope (OnWebApplicationCondition)

   SecurityRequestMatchersManagementContextConfiguration.MvcRequestMatcherConfiguration matched:
      - @ConditionalOnClass found required class 'org.springframework.web.servlet.DispatcherServlet' (OnClassCondition)
      - @ConditionalOnBean (types: org.springframework.boot.autoconfigure.web.servlet.DispatcherServletPath; SearchStrategy: all) found bean 'dispatcherServletRegistration' (OnBeanCondition)

   SecurityRequestMatchersManagementContextConfiguration.MvcRequestMatcherConfiguration#requestMatcherProvider matched:
      - @ConditionalOnClass found required class 'org.springframework.web.servlet.DispatcherServlet' (OnClassCondition)
      - @ConditionalOnMissingBean (types: org.springframework.boot.actuate.autoconfigure.security.servlet.RequestMatcherProvider; SearchStrategy: all) did not find any beans (OnBeanCondition)

   ServletEndpointManagementContextConfiguration matched:
      - found 'session' scope (OnWebApplicationCondition)

   ServletEndpointManagementContextConfiguration.WebMvcServletEndpointManagementContextConfiguration matched:
      - @ConditionalOnClass found required class 'org.springframework.web.servlet.DispatcherServlet' (OnClassCondition)

   ServletManagementContextAutoConfiguration matched:
      - @ConditionalOnClass found required class 'jakarta.servlet.Servlet' (OnClassCondition)
      - found 'session' scope (OnWebApplicationCondition)

   ServletWebServerFactoryAutoConfiguration matched:
      - @ConditionalOnClass found required class 'jakarta.servlet.ServletRequest' (OnClassCondition)
      - found 'session' scope (OnWebApplicationCondition)

   ServletWebServerFactoryAutoConfiguration#tomcatServletWebServerFactoryCustomizer matched:
      - @ConditionalOnClass found required class 'org.apache.catalina.startup.Tomcat' (OnClassCondition)

   ServletWebServerFactoryAutoConfiguration.ForwardedHeaderFilterConfiguration matched:
      - @ConditionalOnProperty (server.forward-headers-strategy=framework) matched (OnPropertyCondition)
      - @ConditionalOnMissingBean (types: org.springframework.web.filter.ForwardedHeaderFilter; SearchStrategy: all) did not find any beans (OnBeanCondition)

   ServletWebServerFactoryAutoConfiguration.ForwardedHeaderFilterConfiguration#tomcatForwardedHeaderFilterCustomizer matched:
      - @ConditionalOnClass found required class 'org.apache.catalina.startup.Tomcat' (OnClassCondition)

   ServletWebServerFactoryConfiguration.EmbeddedTomcat matched:
      - @ConditionalOnClass found required classes 'jakarta.servlet.Servlet', 'org.apache.catalina.startup.Tomcat', 'org.apache.coyote.UpgradeProtocol' (OnClassCondition)
      - @ConditionalOnMissingBean (types: org.springframework.boot.web.servlet.server.ServletWebServerFactory; SearchStrategy: current) did not find any beans (OnBeanCondition)

   SimpleCacheConfiguration matched:
      - Cache org.springframework.boot.autoconfigure.cache.SimpleCacheConfiguration automatic cache type (CacheCondition)

   SimpleMetricsExportAutoConfiguration matched:
      - @ConditionalOnEnabledMetricsExport management.defaults.metrics.export.enabled is considered true (OnMetricsExportEnabledCondition)
      - @ConditionalOnBean (types: io.micrometer.core.instrument.Clock; SearchStrategy: all) found bean 'micrometerClock'; @ConditionalOnMissingBean (types: io.micrometer.core.instrument.MeterRegistry; SearchStrategy: all) did not find any beans (OnBeanCondition)

   SimpleMetricsExportAutoConfiguration#simpleConfig matched:
      - @ConditionalOnMissingBean (types: io.micrometer.core.instrument.simple.SimpleConfig; SearchStrategy: all) did not find any beans (OnBeanCondition)

   SpringBootWebSecurityConfiguration matched:
      - found 'session' scope (OnWebApplicationCondition)

   SpringBootWebSecurityConfiguration.WebSecurityEnablerConfiguration matched:
      - @ConditionalOnClass found required class 'org.springframework.security.config.annotation.web.configuration.EnableWebSecurity' (OnClassCondition)
      - @ConditionalOnMissingBean (names: springSecurityFilterChain; SearchStrategy: all) did not find any beans (OnBeanCondition)

   SpringDataWebAutoConfiguration matched:
      - @ConditionalOnClass found required classes 'org.springframework.data.web.PageableHandlerMethodArgumentResolver', 'org.springframework.web.servlet.config.annotation.WebMvcConfigurer' (OnClassCondition)
      - found 'session' scope (OnWebApplicationCondition)
      - @ConditionalOnMissingBean (types: org.springframework.data.web.PageableHandlerMethodArgumentResolver; SearchStrategy: all) did not find any beans (OnBeanCondition)

   SpringDataWebAutoConfiguration#pageableCustomizer matched:
      - @ConditionalOnMissingBean (types: org.springframework.data.web.config.PageableHandlerMethodArgumentResolverCustomizer; SearchStrategy: all) did not find any beans (OnBeanCondition)

   SpringDataWebAutoConfiguration#sortCustomizer matched:
      - @ConditionalOnMissingBean (types: org.springframework.data.web.config.SortHandlerMethodArgumentResolverCustomizer; SearchStrategy: all) did not find any beans (OnBeanCondition)

   SpringDataWebAutoConfiguration#springDataWebSettings matched:
      - @ConditionalOnMissingBean (types: org.springframework.data.web.config.SpringDataWebSettings; SearchStrategy: all) did not find any beans (OnBeanCondition)

   SpringDocConfigProperties matched:
      - @ConditionalOnProperty (springdoc.api-docs.enabled) matched (OnPropertyCondition)
      - @ConditionalOnBean (types: org.springdoc.core.configuration.SpringDocConfiguration; SearchStrategy: all) found bean 'org.springdoc.core.configuration.SpringDocConfiguration' (OnBeanCondition)

   SpringDocConfiguration matched:
      - @ConditionalOnWebApplication (required) found 'session' scope (OnWebApplicationCondition)
      - @ConditionalOnProperty (springdoc.api-docs.enabled) matched (OnPropertyCondition)

   SpringDocConfiguration#fileSupportConverter matched:
      - @ConditionalOnMissingBean (types: org.springdoc.core.converters.FileSupportConverter; SearchStrategy: all) did not find any beans (OnBeanCondition)

   SpringDocConfiguration#globalOpenApiCustomizer matched:
      - @ConditionalOnMissingBean (names: globalOpenApiCustomizer; SearchStrategy: all) did not find any beans (OnBeanCondition)

   SpringDocConfiguration#initExtraSchemas matched:
      - @ConditionalOnProperty (springdoc.enable-extra-schemas) matched (OnPropertyCondition)

   SpringDocConfiguration#openAPIBuilder matched:
      - @ConditionalOnMissingBean (types: org.springdoc.core.service.OpenAPIService; SearchStrategy: all) did not find any beans (OnBeanCondition)

   SpringDocConfiguration#operationBuilder matched:
      - @ConditionalOnMissingBean (types: org.springdoc.core.service.OperationService; SearchStrategy: all) did not find any beans (OnBeanCondition)

   SpringDocConfiguration#parameterBuilder matched:
      - @ConditionalOnMissingBean (types: org.springdoc.core.service.GenericParameterService; SearchStrategy: all) did not find any beans (OnBeanCondition)

   SpringDocConfiguration#parameterObjectNamingStrategyCustomizer matched:
      - @ConditionalOnMissingBean (types: org.springdoc.core.customizers.ParameterObjectNamingStrategyCustomizer; SearchStrategy: all) did not find any beans (OnBeanCondition)

   SpringDocConfiguration#polymorphicModelConverter matched:
      - @ConditionalOnProperty (springdoc.model-converters.polymorphic-converter.enabled) matched (OnPropertyCondition)
      - @ConditionalOnMissingBean (types: org.springdoc.core.converters.PolymorphicModelConverter; SearchStrategy: all) did not find any beans (OnBeanCondition)

   SpringDocConfiguration#requestBodyBuilder matched:
      - @ConditionalOnMissingBean (types: org.springdoc.core.service.RequestBodyService; SearchStrategy: all) did not find any beans (OnBeanCondition)

   SpringDocConfiguration#responseSupportConverter matched:
      - @ConditionalOnMissingBean (types: org.springdoc.core.converters.ResponseSupportConverter; SearchStrategy: all) did not find any beans (OnBeanCondition)

   SpringDocConfiguration#schemaPropertyDeprecatingConverter matched:
      - @ConditionalOnProperty (springdoc.model-converters.deprecating-converter.enabled) matched (OnPropertyCondition)
      - @ConditionalOnMissingBean (types: org.springdoc.core.converters.SchemaPropertyDeprecatingConverter; SearchStrategy: all) did not find any beans (OnBeanCondition)

   SpringDocConfiguration#securityParser matched:
      - @ConditionalOnMissingBean (types: org.springdoc.core.service.SecurityService; SearchStrategy: all) did not find any beans (OnBeanCondition)

   SpringDocConfiguration#springDocCustomizers matched:
      - @ConditionalOnMissingBean (types: org.springdoc.core.customizers.SpringDocCustomizers; SearchStrategy: all) did not find any beans (OnBeanCondition)

   SpringDocConfiguration#springDocProviders matched:
      - @ConditionalOnMissingBean (types: org.springdoc.core.providers.SpringDocProviders; SearchStrategy: all) did not find any beans (OnBeanCondition)

   SpringDocConfiguration#springdocObjectMapperProvider matched:
      - @ConditionalOnMissingBean (types: org.springdoc.core.providers.ObjectMapperProvider; SearchStrategy: all) did not find any beans (OnBeanCondition)

   SpringDocConfiguration.QuerydslProvider matched:
      - @ConditionalOnClass found required class 'org.springframework.data.querydsl.binding.QuerydslBindingsFactory' (OnClassCondition)

   SpringDocConfiguration.QuerydslProvider#queryDslQuerydslPredicateOperationCustomizer matched:
      - @ConditionalOnMissingBean (types: org.springdoc.core.customizers.QuerydslPredicateOperationCustomizer; SearchStrategy: all) did not find any beans (OnBeanCondition)

   SpringDocConfiguration.SpringDocSpringDataWebPropertiesProvider matched:
      - @ConditionalOnClass found required class 'org.springframework.boot.autoconfigure.data.web.SpringDataWebProperties' (OnClassCondition)

   SpringDocConfiguration.SpringDocSpringDataWebPropertiesProvider#springDataWebPropertiesProvider matched:
      - @ConditionalOnMissingBean (types: org.springdoc.core.providers.SpringDataWebPropertiesProvider; SearchStrategy: all) did not find any beans (OnBeanCondition)

   SpringDocConfiguration.WebConversionServiceConfiguration matched:
      - @ConditionalOnClass found required class 'org.springframework.boot.autoconfigure.web.format.WebConversionService' (OnClassCondition)

   SpringDocPageableConfiguration matched:
      - @ConditionalOnClass found required class 'org.springframework.data.domain.Pageable' (OnClassCondition)
      - @ConditionalOnWebApplication (required) found 'session' scope (OnWebApplicationCondition)
      - @ConditionalOnProperty (springdoc.api-docs.enabled) matched (OnPropertyCondition)
      - @ConditionalOnBean (types: org.springdoc.core.configuration.SpringDocConfiguration; SearchStrategy: all) found bean 'org.springdoc.core.configuration.SpringDocConfiguration' (OnBeanCondition)

   SpringDocPageableConfiguration#dataRestDelegatingMethodParameterCustomizer matched:
      - @ConditionalOnMissingBean (types: org.springdoc.core.customizers.DataRestDelegatingMethodParameterCustomizer; SearchStrategy: all) did not find any beans (OnBeanCondition)

   SpringDocPageableConfiguration#pageOpenAPIConverter matched:
      - @ConditionalOnClass found required classes 'org.springframework.data.web.PagedModel', 'org.springframework.data.web.config.SpringDataWebSettings' (OnClassCondition)
      - @ConditionalOnMissingBean (types: org.springdoc.core.converters.PageOpenAPIConverter; SearchStrategy: all) did not find any beans (OnBeanCondition)

   SpringDocPageableConfiguration#pageableOpenAPIConverter matched:
      - @ConditionalOnProperty (springdoc.model-converters.pageable-converter.enabled) matched (OnPropertyCondition)
      - @ConditionalOnMissingBean (types: org.springdoc.core.converters.PageableOpenAPIConverter; SearchStrategy: all) did not find any beans (OnBeanCondition)

   SpringDocSecurityConfiguration matched:
      - @ConditionalOnClass found required class 'org.springframework.security.web.SecurityFilterChain' (OnClassCondition)
      - @ConditionalOnWebApplication (required) found 'session' scope (OnWebApplicationCondition)
      - @ConditionalOnExpression (#{${springdoc.api-docs.enabled:true} and ${springdoc.enable-spring-security:true}}) resulted in true (OnExpressionCondition)
      - @ConditionalOnBean (types: org.springdoc.core.configuration.SpringDocConfiguration; SearchStrategy: all) found bean 'org.springdoc.core.configuration.SpringDocConfiguration' (OnBeanCondition)

   SpringDocSecurityConfiguration.SpringDocSecurityOAuth2ClientConfiguration matched:
      - @ConditionalOnClass found required class 'org.springframework.security.oauth2.client.annotation.RegisteredOAuth2AuthorizedClient' (OnClassCondition)

   SpringDocSecurityConfiguration.SpringSecurityLoginEndpointConfiguration matched:
      - @ConditionalOnClass found required class 'jakarta.servlet.Filter' (OnClassCondition)

   SpringDocSortConfiguration matched:
      - @ConditionalOnClass found required class 'org.springframework.data.domain.Sort' (OnClassCondition)
      - @ConditionalOnWebApplication (required) found 'session' scope (OnWebApplicationCondition)
      - @ConditionalOnProperty (springdoc.api-docs.enabled) matched (OnPropertyCondition)
      - @ConditionalOnBean (types: org.springdoc.core.configuration.SpringDocConfiguration; SearchStrategy: all) found bean 'org.springdoc.core.configuration.SpringDocConfiguration' (OnBeanCondition)

   SpringDocSortConfiguration#sortOpenAPIConverter matched:
      - @ConditionalOnProperty (springdoc.sort-converter.enabled) matched (OnPropertyCondition)
      - @ConditionalOnMissingBean (types: org.springdoc.core.converters.SortOpenAPIConverter; SearchStrategy: all) did not find any beans (OnBeanCondition)

   SpringDocWebMvcConfiguration matched:
      - found 'session' scope (OnWebApplicationCondition)
      - @ConditionalOnProperty (springdoc.api-docs.enabled) matched (OnPropertyCondition)
      - @ConditionalOnBean (types: org.springdoc.core.configuration.SpringDocConfiguration; SearchStrategy: all) found bean 'org.springdoc.core.configuration.SpringDocConfiguration' (OnBeanCondition)

   SpringDocWebMvcConfiguration#openApiResource matched:
      - @ConditionalOnExpression (#{(${springdoc.use-management-port:false} == false ) and ${springdoc.enable-default-api-docs:true}}) resulted in true (OnExpressionCondition)
      - @ConditionalOnMissingBean (types: org.springdoc.webmvc.api.OpenApiWebMvcResource; SearchStrategy: all) did not find any beans (OnBeanCondition)

   SpringDocWebMvcConfiguration#requestBuilder matched:
      - @ConditionalOnMissingBean (types: org.springdoc.webmvc.core.service.RequestService; SearchStrategy: all) did not find any beans (OnBeanCondition)

   SpringDocWebMvcConfiguration#responseBuilder matched:
      - @ConditionalOnMissingBean (types: org.springdoc.core.service.GenericResponseService; SearchStrategy: all) did not find any beans (OnBeanCondition)

   SpringDocWebMvcConfiguration#springWebProvider matched:
      - @ConditionalOnMissingBean (types: org.springdoc.core.providers.SpringWebProvider; SearchStrategy: all) did not find any beans (OnBeanCondition)

   SpringDocWebMvcConfiguration.SpringDocWebMvcActuatorConfiguration matched:
      - @ConditionalOnClass found required class 'org.springframework.boot.actuate.endpoint.web.servlet.WebMvcEndpointHandlerMapping' (OnClassCondition)

   SpringDocWebMvcConfiguration.SpringDocWebMvcRouterConfiguration matched:
      - @ConditionalOnClass found required class 'org.springframework.web.servlet.function.RouterFunction' (OnClassCondition)

   SpringDocWebMvcConfiguration.SpringDocWebMvcRouterConfiguration#routerFunctionProvider matched:
      - @ConditionalOnMissingBean (types: org.springdoc.webmvc.core.providers.RouterFunctionWebMvcProvider; SearchStrategy: all) did not find any beans (OnBeanCondition)

   SqlInitializationAutoConfiguration matched:
      - @ConditionalOnBooleanProperty (spring.sql.init.enabled=true) matched (OnPropertyCondition)
      - NoneNestedConditions 0 matched 1 did not; NestedCondition on SqlInitializationAutoConfiguration.SqlInitializationModeCondition.ModeIsNever @ConditionalOnProperty (spring.sql.init.mode=never) did not find property 'spring.sql.init.mode' (SqlInitializationAutoConfiguration.SqlInitializationModeCondition)

   SslAutoConfiguration#sslBundleRegistry matched:
      - @ConditionalOnMissingBean (types: org.springframework.boot.ssl.SslBundleRegistry,org.springframework.boot.ssl.SslBundles; SearchStrategy: all) did not find any beans (OnBeanCondition)

   SslHealthContributorAutoConfiguration matched:
      - @ConditionalOnEnabledHealthIndicator management.health.defaults.enabled is considered true (OnEnabledHealthIndicatorCondition)

   SslHealthContributorAutoConfiguration#sslHealthIndicator matched:
      - @ConditionalOnMissingBean (names: sslHealthIndicator; SearchStrategy: all) did not find any beans (OnBeanCondition)

   SslHealthContributorAutoConfiguration#sslInfo matched:
      - @ConditionalOnMissingBean (types: org.springframework.boot.info.SslInfo; SearchStrategy: all) did not find any beans (OnBeanCondition)

   SslObservabilityAutoConfiguration matched:
      - @ConditionalOnClass found required class 'io.micrometer.core.instrument.MeterRegistry' (OnClassCondition)
      - @ConditionalOnBean (types: io.micrometer.core.instrument.MeterRegistry,org.springframework.boot.ssl.SslBundles; SearchStrategy: all) found beans 'sslBundleRegistry', 'simpleMeterRegistry' (OnBeanCondition)

   StartupTimeMetricsListenerAutoConfiguration matched:
      - @ConditionalOnClass found required class 'io.micrometer.core.instrument.MeterRegistry' (OnClassCondition)
      - @ConditionalOnBean (types: io.micrometer.core.instrument.MeterRegistry; SearchStrategy: all) found bean 'simpleMeterRegistry' (OnBeanCondition)

   StartupTimeMetricsListenerAutoConfiguration#startupTimeMetrics matched:
      - @ConditionalOnMissingBean (types: org.springframework.boot.actuate.metrics.startup.StartupTimeMetricsListener; SearchStrategy: all) did not find any beans (OnBeanCondition)

   SwaggerConfig matched:
      - found 'session' scope (OnWebApplicationCondition)
      - @ConditionalOnProperty (springdoc.swagger-ui.enabled) matched (OnPropertyCondition)
      - @ConditionalOnBean (types: org.springdoc.core.configuration.SpringDocConfiguration; SearchStrategy: all) found bean 'org.springdoc.core.configuration.SpringDocConfiguration' (OnBeanCondition)

   SwaggerConfig#indexPageTransformer matched:
      - @ConditionalOnMissingBean (types: org.springdoc.webmvc.ui.SwaggerIndexTransformer; SearchStrategy: all) did not find any beans (OnBeanCondition)

   SwaggerConfig#swaggerConfigResource matched:
      - @ConditionalOnProperty (springdoc.use-management-port=false) matched (OnPropertyCondition)
      - @ConditionalOnMissingBean (types: org.springdoc.webmvc.ui.SwaggerConfigResource; SearchStrategy: all) did not find any beans (OnBeanCondition)

   SwaggerConfig#swaggerResourceResolver matched:
      - @ConditionalOnMissingBean (types: org.springdoc.webmvc.ui.SwaggerResourceResolver; SearchStrategy: all) did not find any beans (OnBeanCondition)

   SwaggerConfig#swaggerWebMvcConfigurer matched:
      - @ConditionalOnMissingBean (types: org.springdoc.webmvc.ui.SwaggerWebMvcConfigurer; SearchStrategy: all) did not find any beans (OnBeanCondition)

   SwaggerConfig#swaggerWelcome matched:
      - @ConditionalOnProperty (springdoc.use-management-port=false) matched (OnPropertyCondition)
      - @ConditionalOnMissingBean (types: org.springdoc.webmvc.ui.SwaggerWelcomeWebMvc; SearchStrategy: all) did not find any beans (OnBeanCondition)

   SwaggerUiConfigProperties matched:
      - @ConditionalOnProperty (springdoc.swagger-ui.enabled) matched (OnPropertyCondition)
      - @ConditionalOnBean (types: org.springdoc.core.configuration.SpringDocConfiguration; SearchStrategy: all) found bean 'org.springdoc.core.configuration.SpringDocConfiguration' (OnBeanCondition)

   SwaggerUiOAuthProperties matched:
      - @ConditionalOnProperty (springdoc.swagger-ui.enabled) matched (OnPropertyCondition)
      - @ConditionalOnBean (types: org.springdoc.core.configuration.SpringDocConfiguration; SearchStrategy: all) found bean 'org.springdoc.core.configuration.SpringDocConfiguration' (OnBeanCondition)

   SystemMetricsAutoConfiguration matched:
      - @ConditionalOnClass found required class 'io.micrometer.core.instrument.MeterRegistry' (OnClassCondition)
      - @ConditionalOnBean (types: io.micrometer.core.instrument.MeterRegistry; SearchStrategy: all) found bean 'simpleMeterRegistry' (OnBeanCondition)

   SystemMetricsAutoConfiguration#diskSpaceMetrics matched:
      - @ConditionalOnMissingBean (types: org.springframework.boot.actuate.metrics.system.DiskSpaceMetricsBinder; SearchStrategy: all) did not find any beans (OnBeanCondition)

   SystemMetricsAutoConfiguration#fileDescriptorMetrics matched:
      - @ConditionalOnMissingBean (types: io.micrometer.core.instrument.binder.system.FileDescriptorMetrics; SearchStrategy: all) did not find any beans (OnBeanCondition)

   SystemMetricsAutoConfiguration#processorMetrics matched:
      - @ConditionalOnMissingBean (types: io.micrometer.core.instrument.binder.system.ProcessorMetrics; SearchStrategy: all) did not find any beans (OnBeanCondition)

   SystemMetricsAutoConfiguration#uptimeMetrics matched:
      - @ConditionalOnMissingBean (types: io.micrometer.core.instrument.binder.system.UptimeMetrics; SearchStrategy: all) did not find any beans (OnBeanCondition)

   TaskExecutionAutoConfiguration matched:
      - @ConditionalOnClass found required class 'org.springframework.scheduling.concurrent.ThreadPoolTaskExecutor' (OnClassCondition)

   TaskExecutorConfigurations.AsyncConfigurerConfiguration matched:
      - @ConditionalOnMissingBean (types: org.springframework.scheduling.annotation.AsyncConfigurer; SearchStrategy: all) did not find any beans (OnBeanCondition)

   TaskExecutorConfigurations.AsyncConfigurerConfiguration#applicationTaskExecutorAsyncConfigurer matched:
      - @ConditionalOnMissingBean (types: org.springframework.scheduling.annotation.AsyncConfigurer; SearchStrategy: all) did not find any beans (OnBeanCondition)

   TaskExecutorConfigurations.SimpleAsyncTaskExecutorBuilderConfiguration#simpleAsyncTaskExecutorBuilder matched:
      - @ConditionalOnMissingBean (types: org.springframework.boot.task.SimpleAsyncTaskExecutorBuilder; SearchStrategy: all) did not find any beans (OnBeanCondition)
      - @ConditionalOnThreading found PLATFORM (OnThreadingCondition)

   TaskExecutorConfigurations.TaskExecutorConfiguration matched:
      - AnyNestedCondition 1 matched 1 did not; NestedCondition on TaskExecutorConfigurations.OnExecutorCondition.ModelCondition @ConditionalOnProperty (spring.task.execution.mode=force) did not find property 'spring.task.execution.mode'; NestedCondition on TaskExecutorConfigurations.OnExecutorCondition.ExecutorBeanCondition @ConditionalOnMissingBean (types: java.util.concurrent.Executor; SearchStrategy: all) did not find any beans (TaskExecutorConfigurations.OnExecutorCondition)

   TaskExecutorConfigurations.TaskExecutorConfiguration#applicationTaskExecutor matched:
      - @ConditionalOnThreading found PLATFORM (OnThreadingCondition)

   TaskExecutorConfigurations.ThreadPoolTaskExecutorBuilderConfiguration#threadPoolTaskExecutorBuilder matched:
      - @ConditionalOnMissingBean (types: org.springframework.boot.task.ThreadPoolTaskExecutorBuilder; SearchStrategy: all) did not find any beans (OnBeanCondition)

   TaskExecutorMetricsAutoConfiguration matched:
      - @ConditionalOnClass found required class 'io.micrometer.core.instrument.binder.jvm.ExecutorServiceMetrics' (OnClassCondition)
      - @ConditionalOnBean (types: java.util.concurrent.Executor,io.micrometer.core.instrument.MeterRegistry; SearchStrategy: all) found beans 'applicationTaskExecutor', 'simpleMeterRegistry', 'taskScheduler' (OnBeanCondition)

   TaskSchedulingAutoConfiguration matched:
      - @ConditionalOnClass found required class 'org.springframework.scheduling.concurrent.ThreadPoolTaskScheduler' (OnClassCondition)

   TaskSchedulingAutoConfiguration#scheduledBeanLazyInitializationExcludeFilter matched:
      - @ConditionalOnBean (names: org.springframework.context.annotation.internalScheduledAnnotationProcessor; SearchStrategy: all) found bean 'org.springframework.context.annotation.internalScheduledAnnotationProcessor' (OnBeanCondition)

   TaskSchedulingConfigurations.SimpleAsyncTaskSchedulerBuilderConfiguration#simpleAsyncTaskSchedulerBuilder matched:
      - @ConditionalOnMissingBean (types: org.springframework.boot.task.SimpleAsyncTaskSchedulerBuilder; SearchStrategy: all) did not find any beans (OnBeanCondition)
      - @ConditionalOnThreading found PLATFORM (OnThreadingCondition)

   TaskSchedulingConfigurations.TaskSchedulerConfiguration matched:
      - @ConditionalOnBean (names: org.springframework.context.annotation.internalScheduledAnnotationProcessor; SearchStrategy: all) found bean 'org.springframework.context.annotation.internalScheduledAnnotationProcessor'; @ConditionalOnMissingBean (types: org.springframework.scheduling.TaskScheduler,java.util.concurrent.ScheduledExecutorService; SearchStrategy: all) did not find any beans (OnBeanCondition)

   TaskSchedulingConfigurations.TaskSchedulerConfiguration#taskScheduler matched:
      - @ConditionalOnThreading found PLATFORM (OnThreadingCondition)

   TaskSchedulingConfigurations.ThreadPoolTaskSchedulerBuilderConfiguration#threadPoolTaskSchedulerBuilder matched:
      - @ConditionalOnMissingBean (types: org.springframework.boot.task.ThreadPoolTaskSchedulerBuilder; SearchStrategy: all) did not find any beans (OnBeanCondition)

   TomcatMetricsAutoConfiguration matched:
      - @ConditionalOnClass found required classes 'io.micrometer.core.instrument.binder.tomcat.TomcatMetrics', 'org.apache.catalina.Manager' (OnClassCondition)
      - @ConditionalOnWebApplication (required) found 'session' scope (OnWebApplicationCondition)

   TomcatMetricsAutoConfiguration#tomcatMetricsBinder matched:
      - @ConditionalOnBean (types: io.micrometer.core.instrument.MeterRegistry; SearchStrategy: all) found bean 'simpleMeterRegistry'; @ConditionalOnMissingBean (types: io.micrometer.core.instrument.binder.tomcat.TomcatMetrics,org.springframework.boot.actuate.metrics.web.tomcat.TomcatMetricsBinder; SearchStrategy: all) did not find any beans (OnBeanCondition)

   TransactionAutoConfiguration matched:
      - @ConditionalOnClass found required class 'org.springframework.transaction.PlatformTransactionManager' (OnClassCondition)

   TransactionAutoConfiguration.EnableTransactionManagementConfiguration matched:
      - @ConditionalOnBean (types: org.springframework.transaction.TransactionManager; SearchStrategy: all) found bean 'transactionManager'; @ConditionalOnMissingBean (types: org.springframework.transaction.annotation.AbstractTransactionManagementConfiguration; SearchStrategy: all) did not find any beans (OnBeanCondition)

   TransactionAutoConfiguration.EnableTransactionManagementConfiguration.CglibAutoProxyConfiguration matched:
      - @ConditionalOnBooleanProperty (spring.aop.proxy-target-class=true) matched (OnPropertyCondition)

   TransactionAutoConfiguration.TransactionTemplateConfiguration matched:
      - @ConditionalOnSingleCandidate (types: org.springframework.transaction.PlatformTransactionManager; SearchStrategy: all) found a single bean 'transactionManager' (OnBeanCondition)

   TransactionAutoConfiguration.TransactionTemplateConfiguration#transactionTemplate matched:
      - @ConditionalOnMissingBean (types: org.springframework.transaction.support.TransactionOperations; SearchStrategy: all) did not find any beans (OnBeanCondition)

   TransactionManagerCustomizationAutoConfiguration matched:
      - @ConditionalOnClass found required class 'org.springframework.transaction.PlatformTransactionManager' (OnClassCondition)

   TransactionManagerCustomizationAutoConfiguration#platformTransactionManagerCustomizers matched:
      - @ConditionalOnMissingBean (types: org.springframework.boot.autoconfigure.transaction.TransactionManagerCustomizers; SearchStrategy: all) did not find any beans (OnBeanCondition)

   ValidationAutoConfiguration matched:
      - @ConditionalOnClass found required class 'jakarta.validation.executable.ExecutableValidator' (OnClassCondition)
      - @ConditionalOnResource found location classpath:META-INF/services/jakarta.validation.spi.ValidationProvider (OnResourceCondition)

   ValidationAutoConfiguration#defaultValidator matched:
      - @ConditionalOnMissingBean (types: jakarta.validation.Validator; SearchStrategy: all) did not find any beans (OnBeanCondition)

   ValidationAutoConfiguration#methodValidationPostProcessor matched:
      - @ConditionalOnMissingBean (types: org.springframework.validation.beanvalidation.MethodValidationPostProcessor; SearchStrategy: current) did not find any beans (OnBeanCondition)

   WebEndpointAutoConfiguration matched:
      - @ConditionalOnWebApplication (required) found 'session' scope (OnWebApplicationCondition)

   WebEndpointAutoConfiguration#controllerEndpointDiscoverer matched:
      - @ConditionalOnMissingBean (types: org.springframework.boot.actuate.endpoint.web.annotation.ControllerEndpointsSupplier; SearchStrategy: all) did not find any beans (OnBeanCondition)

   WebEndpointAutoConfiguration#endpointMediaTypes matched:
      - @ConditionalOnMissingBean (types: org.springframework.boot.actuate.endpoint.web.EndpointMediaTypes; SearchStrategy: all) did not find any beans (OnBeanCondition)

   WebEndpointAutoConfiguration#pathMappedEndpoints matched:
      - @ConditionalOnMissingBean (types: org.springframework.boot.actuate.endpoint.web.PathMappedEndpoints; SearchStrategy: all) did not find any beans (OnBeanCondition)

   WebEndpointAutoConfiguration#webEndpointDiscoverer matched:
      - @ConditionalOnMissingBean (types: org.springframework.boot.actuate.endpoint.web.WebEndpointsSupplier; SearchStrategy: all) did not find any beans (OnBeanCondition)

   WebEndpointAutoConfiguration.WebEndpointServletConfiguration matched:
      - found 'session' scope (OnWebApplicationCondition)

   WebEndpointAutoConfiguration.WebEndpointServletConfiguration#servletEndpointDiscoverer matched:
      - @ConditionalOnMissingBean (types: org.springframework.boot.actuate.endpoint.web.annotation.ServletEndpointsSupplier; SearchStrategy: all) did not find any beans (OnBeanCondition)

   WebMvcAutoConfiguration matched:
      - @ConditionalOnClass found required classes 'jakarta.servlet.Servlet', 'org.springframework.web.servlet.DispatcherServlet', 'org.springframework.web.servlet.config.annotation.WebMvcConfigurer' (OnClassCondition)
      - found 'session' scope (OnWebApplicationCondition)
      - @ConditionalOnMissingBean (types: org.springframework.web.servlet.config.annotation.WebMvcConfigurationSupport; SearchStrategy: all) did not find any beans (OnBeanCondition)

   WebMvcAutoConfiguration#formContentFilter matched:
      - @ConditionalOnBooleanProperty (spring.mvc.formcontent.filter.enabled=true) matched (OnPropertyCondition)
      - @ConditionalOnMissingBean (types: org.springframework.web.filter.FormContentFilter; SearchStrategy: all) did not find any beans (OnBeanCondition)

   WebMvcAutoConfiguration.EnableWebMvcConfiguration#flashMapManager matched:
      - @ConditionalOnMissingBean (names: flashMapManager; SearchStrategy: all) did not find any beans (OnBeanCondition)

   WebMvcAutoConfiguration.EnableWebMvcConfiguration#localeResolver matched:
      - @ConditionalOnMissingBean (names: localeResolver; SearchStrategy: all) did not find any beans (OnBeanCondition)

   WebMvcAutoConfiguration.EnableWebMvcConfiguration#themeResolver matched:
      - @ConditionalOnMissingBean (names: themeResolver; SearchStrategy: all) did not find any beans (OnBeanCondition)

   WebMvcAutoConfiguration.EnableWebMvcConfiguration#viewNameTranslator matched:
      - @ConditionalOnMissingBean (names: viewNameTranslator; SearchStrategy: all) did not find any beans (OnBeanCondition)

   WebMvcAutoConfiguration.ResourceChainCustomizerConfiguration matched:
      - @ConditionalOnEnabledResourceChain enabled (OnEnabledResourceChainCondition)

   WebMvcAutoConfiguration.WebMvcAutoConfigurationAdapter#defaultViewResolver matched:
      - @ConditionalOnMissingBean (types: org.springframework.web.servlet.view.InternalResourceViewResolver; SearchStrategy: all) did not find any beans (OnBeanCondition)

   WebMvcAutoConfiguration.WebMvcAutoConfigurationAdapter#requestContextFilter matched:
      - @ConditionalOnMissingBean (types: org.springframework.web.context.request.RequestContextListener,org.springframework.web.filter.RequestContextFilter; SearchStrategy: all) did not find any beans (OnBeanCondition)

   WebMvcAutoConfiguration.WebMvcAutoConfigurationAdapter#viewResolver matched:
      - @ConditionalOnBean (types: org.springframework.web.servlet.ViewResolver; SearchStrategy: all) found beans 'defaultViewResolver', 'beanNameViewResolver', 'mvcViewResolver'; @ConditionalOnMissingBean (names: viewResolver types: org.springframework.web.servlet.view.ContentNegotiatingViewResolver; SearchStrategy: all) did not find any beans (OnBeanCondition)

   WebMvcEndpointManagementContextConfiguration matched:
      - @ConditionalOnClass found required class 'org.springframework.web.servlet.DispatcherServlet' (OnClassCondition)
      - found 'session' scope (OnWebApplicationCondition)
      - @ConditionalOnBean (types: org.springframework.web.servlet.DispatcherServlet,org.springframework.boot.actuate.endpoint.web.WebEndpointsSupplier; SearchStrategy: all) found beans 'webEndpointDiscoverer', 'dispatcherServlet' (OnBeanCondition)

   WebMvcEndpointManagementContextConfiguration#controllerEndpointHandlerMapping matched:
      - @ConditionalOnMissingBean (types: org.springframework.boot.actuate.endpoint.web.servlet.ControllerEndpointHandlerMapping; SearchStrategy: all) did not find any beans (OnBeanCondition)

   WebMvcEndpointManagementContextConfiguration#endpointObjectMapperWebMvcConfigurer matched:
      - @ConditionalOnBean (types: org.springframework.boot.actuate.endpoint.jackson.EndpointObjectMapper; SearchStrategy: all) found bean 'endpointObjectMapper' (OnBeanCondition)

   WebMvcEndpointManagementContextConfiguration#webEndpointServletHandlerMapping matched:
      - @ConditionalOnMissingBean (types: org.springframework.boot.actuate.endpoint.web.servlet.WebMvcEndpointHandlerMapping; SearchStrategy: all) did not find any beans (OnBeanCondition)

   WebMvcObservationAutoConfiguration matched:
      - @ConditionalOnClass found required classes 'org.springframework.web.servlet.DispatcherServlet', 'io.micrometer.observation.Observation' (OnClassCondition)
      - found 'session' scope (OnWebApplicationCondition)
      - @ConditionalOnBean (types: io.micrometer.observation.ObservationRegistry; SearchStrategy: all) found bean 'observationRegistry' (OnBeanCondition)

   WebMvcObservationAutoConfiguration#webMvcObservationFilter matched:
      - @ConditionalOnMissingBean (types: org.springframework.web.filter.ServerHttpObservationFilter; SearchStrategy: all) did not find any beans (OnBeanCondition)

   WebMvcObservationAutoConfiguration.MeterFilterConfiguration matched:
      - @ConditionalOnClass found required class 'io.micrometer.core.instrument.MeterRegistry' (OnClassCondition)
      - @ConditionalOnBean (types: io.micrometer.core.instrument.MeterRegistry; SearchStrategy: all) found bean 'simpleMeterRegistry' (OnBeanCondition)

   WebSocketServletAutoConfiguration matched:
      - @ConditionalOnClass found required classes 'jakarta.servlet.Servlet', 'jakarta.websocket.server.ServerContainer' (OnClassCondition)
      - found 'session' scope (OnWebApplicationCondition)

   WebSocketServletAutoConfiguration.TomcatWebSocketConfiguration matched:
      - @ConditionalOnClass found required classes 'org.apache.catalina.startup.Tomcat', 'org.apache.tomcat.websocket.server.WsSci' (OnClassCondition)

   WebSocketServletAutoConfiguration.TomcatWebSocketConfiguration#websocketServletWebServerCustomizer matched:
      - @ConditionalOnMissingBean (names: websocketServletWebServerCustomizer; SearchStrategy: all) did not find any beans (OnBeanCondition)


Negative matches:
-----------------

   ActiveMQAutoConfiguration:
      Did not match:
         - @ConditionalOnClass did not find required class 'jakarta.jms.ConnectionFactory' (OnClassCondition)

   AopAutoConfiguration.AspectJAutoProxyingConfiguration.JdkDynamicAutoProxyConfiguration:
      Did not match:
         - @ConditionalOnBooleanProperty (spring.aop.proxy-target-class=false) did not find property 'spring.aop.proxy-target-class' (OnPropertyCondition)

   AopAutoConfiguration.ClassProxyingConfiguration:
      Did not match:
         - @ConditionalOnMissingClass found unwanted class 'org.aspectj.weaver.Advice' (OnClassCondition)

   AppOpticsMetricsExportAutoConfiguration:
      Did not match:
         - @ConditionalOnClass did not find required class 'io.micrometer.appoptics.AppOpticsMeterRegistry' (OnClassCondition)

   ArtemisAutoConfiguration:
      Did not match:
         - @ConditionalOnClass did not find required class 'jakarta.jms.ConnectionFactory' (OnClassCondition)

   AtlasMetricsExportAutoConfiguration:
      Did not match:
         - @ConditionalOnClass did not find required class 'io.micrometer.atlas.AtlasMeterRegistry' (OnClassCondition)

   AuditAutoConfiguration:
      Did not match:
         - @ConditionalOnBean (types: org.springframework.boot.actuate.audit.AuditEventRepository; SearchStrategy: all) did not find any beans of type org.springframework.boot.actuate.audit.AuditEventRepository (OnBeanCondition)
      Matched:
         - @ConditionalOnBooleanProperty (management.auditevents.enabled=true) matched (OnPropertyCondition)

   AuditEventsEndpointAutoConfiguration:
      Did not match:
         - @ConditionalOnAvailableEndpoint not exposed (OnAvailableEndpointCondition)

   AvailabilityHealthContributorAutoConfiguration#livenessStateHealthIndicator:
      Did not match:
         - @ConditionalOnBooleanProperty (management.health.livenessstate.enabled=true) did not find property 'management.health.livenessstate.enabled' (OnPropertyCondition)

   AvailabilityHealthContributorAutoConfiguration#readinessStateHealthIndicator:
      Did not match:
         - @ConditionalOnBooleanProperty (management.health.readinessstate.enabled=true) did not find property 'management.health.readinessstate.enabled' (OnPropertyCondition)

   AvailabilityProbesAutoConfiguration:
      Did not match:
         - Probes availability not running on a supported cloud platform (AvailabilityProbesAutoConfiguration.ProbesCondition)

   BatchAutoConfiguration:
      Did not match:
         - @ConditionalOnClass did not find required class 'org.springframework.batch.core.launch.JobLauncher' (OnClassCondition)

   BatchObservationAutoConfiguration:
      Did not match:
         - @ConditionalOnClass did not find required class 'org.springframework.batch.core.configuration.annotation.BatchObservabilityBeanPostProcessor' (OnClassCondition)

   BraveAutoConfiguration:
      Did not match:
         - @ConditionalOnClass did not find required class 'brave.Tracer' (OnClassCondition)

   Cache2kCacheConfiguration:
      Did not match:
         - @ConditionalOnClass did not find required class 'org.cache2k.Cache2kBuilder' (OnClassCondition)

   CacheAutoConfiguration:
      Did not match:
         - @ConditionalOnBean (types: org.springframework.cache.interceptor.CacheAspectSupport; SearchStrategy: all) did not find any beans of type org.springframework.cache.interceptor.CacheAspectSupport (OnBeanCondition)
      Matched:
         - @ConditionalOnClass found required class 'org.springframework.cache.CacheManager' (OnClassCondition)

   CacheAutoConfiguration.CacheManagerEntityManagerFactoryDependsOnPostProcessor:
      Did not match:
         - Ancestor org.springframework.boot.autoconfigure.cache.CacheAutoConfiguration did not match (ConditionEvaluationReport.AncestorsMatchedCondition)
      Matched:
         - @ConditionalOnClass found required class 'org.springframework.orm.jpa.LocalContainerEntityManagerFactoryBean' (OnClassCondition)

   CacheMeterBinderProvidersConfiguration.Cache2kCacheMeterBinderProviderConfiguration:
      Did not match:
         - @ConditionalOnClass did not find required classes 'org.cache2k.Cache2kBuilder', 'org.cache2k.extra.spring.SpringCache2kCache', 'org.cache2k.extra.micrometer.Cache2kCacheMetrics' (OnClassCondition)

   CacheMeterBinderProvidersConfiguration.CaffeineCacheMeterBinderProviderConfiguration:
      Did not match:
         - @ConditionalOnClass did not find required class 'com.github.benmanes.caffeine.cache.Cache' (OnClassCondition)

   CacheMeterBinderProvidersConfiguration.HazelcastCacheMeterBinderProviderConfiguration:
      Did not match:
         - @ConditionalOnClass did not find required classes 'com.hazelcast.spring.cache.HazelcastCache', 'com.hazelcast.core.Hazelcast' (OnClassCondition)

   CacheMeterBinderProvidersConfiguration.JCacheCacheMeterBinderProviderConfiguration:
      Did not match:
         - @ConditionalOnClass did not find required class 'javax.cache.CacheManager' (OnClassCondition)

   CacheMeterBinderProvidersConfiguration.RedisCacheMeterBinderProviderConfiguration:
      Did not match:
         - @ConditionalOnClass did not find required class 'org.springframework.data.redis.cache.RedisCache' (OnClassCondition)

   CacheMetricsAutoConfiguration:
      Did not match:
         - @ConditionalOnBean (types: org.springframework.cache.CacheManager; SearchStrategy: all) did not find any beans of type org.springframework.cache.CacheManager (OnBeanCondition)

   CachesEndpointAutoConfiguration:
      Did not match:
         - @ConditionalOnAvailableEndpoint not exposed (OnAvailableEndpointCondition)
      Matched:
         - @ConditionalOnClass found required class 'org.springframework.cache.CacheManager' (OnClassCondition)

   CaffeineCacheConfiguration:
      Did not match:
         - @ConditionalOnClass did not find required class 'com.github.benmanes.caffeine.cache.Caffeine' (OnClassCondition)

   CassandraAutoConfiguration:
      Did not match:
         - @ConditionalOnClass did not find required class 'com.datastax.oss.driver.api.core.CqlSession' (OnClassCondition)

   CassandraDataAutoConfiguration:
      Did not match:
         - @ConditionalOnClass did not find required class 'com.datastax.oss.driver.api.core.CqlSession' (OnClassCondition)

   CassandraHealthContributorAutoConfiguration:
      Did not match:
         - @ConditionalOnClass did not find required class 'com.datastax.oss.driver.api.core.CqlSession' (OnClassCondition)

   CassandraReactiveDataAutoConfiguration:
      Did not match:
         - @ConditionalOnClass did not find required class 'com.datastax.oss.driver.api.core.CqlSession' (OnClassCondition)

   CassandraReactiveHealthContributorAutoConfiguration:
      Did not match:
         - @ConditionalOnClass did not find required class 'com.datastax.oss.driver.api.core.CqlSession' (OnClassCondition)

   CassandraReactiveRepositoriesAutoConfiguration:
      Did not match:
         - @ConditionalOnClass did not find required class 'org.springframework.data.cassandra.ReactiveSession' (OnClassCondition)

   CassandraRepositoriesAutoConfiguration:
      Did not match:
         - @ConditionalOnClass did not find required class 'com.datastax.oss.driver.api.core.CqlSession' (OnClassCondition)

   org.springframework.boot.autoconfigure.http.client.reactive.ClientHttpConnectorAutoConfiguration:
      Did not match:
         - @ConditionalOnClass did not find required class 'reactor.core.publisher.Mono' (OnClassCondition)

   org.springframework.boot.autoconfigure.web.reactive.function.client.ClientHttpConnectorAutoConfiguration:
      Did not match:
         - @ConditionalOnClass did not find required class 'org.springframework.web.reactive.function.client.WebClient' (OnClassCondition)

   CloudFoundryActuatorAutoConfiguration:
      Did not match:
         - @ConditionalOnCloudPlatform did not find CLOUD_FOUNDRY (OnCloudPlatformCondition)
      Matched:
         - @ConditionalOnClass found required class 'org.springframework.web.servlet.DispatcherServlet' (OnClassCondition)
         - found 'session' scope (OnWebApplicationCondition)
         - @ConditionalOnBooleanProperty (management.cloudfoundry.enabled=true) matched (OnPropertyCondition)

   CodecsAutoConfiguration:
      Did not match:
         - @ConditionalOnClass did not find required class 'org.springframework.web.reactive.function.client.WebClient' (OnClassCondition)

   CompositeMeterRegistryConfiguration:
      Did not match:
         - NoneNestedConditions 1 matched 1 did not; NestedCondition on CompositeMeterRegistryConfiguration.MultipleNonPrimaryMeterRegistriesCondition.SingleInjectableMeterRegistry @ConditionalOnSingleCandidate (types: io.micrometer.core.instrument.MeterRegistry; SearchStrategy: all) found a single bean 'simpleMeterRegistry'; NestedCondition on CompositeMeterRegistryConfiguration.MultipleNonPrimaryMeterRegistriesCondition.NoMeterRegistryCondition @ConditionalOnMissingBean (types: io.micrometer.core.instrument.MeterRegistry; SearchStrategy: all) found beans of type 'io.micrometer.core.instrument.MeterRegistry' simpleMeterRegistry (CompositeMeterRegistryConfiguration.MultipleNonPrimaryMeterRegistriesCondition)

   ConditionsReportEndpointAutoConfiguration:
      Did not match:
         - @ConditionalOnAvailableEndpoint not exposed (OnAvailableEndpointCondition)

   ConfigurationPropertiesReportEndpointAutoConfiguration:
      Did not match:
         - @ConditionalOnAvailableEndpoint not exposed (OnAvailableEndpointCondition)

   ConnectionFactoryHealthContributorAutoConfiguration:
      Did not match:
         - @ConditionalOnClass did not find required class 'io.r2dbc.spi.ConnectionFactory' (OnClassCondition)

   ConnectionPoolMetricsAutoConfiguration:
      Did not match:
         - @ConditionalOnClass did not find required class 'io.r2dbc.pool.ConnectionPool' (OnClassCondition)

   CouchbaseAutoConfiguration:
      Did not match:
         - @ConditionalOnClass did not find required class 'com.couchbase.client.java.Cluster' (OnClassCondition)

   CouchbaseCacheConfiguration:
      Did not match:
         - @ConditionalOnClass did not find required class 'com.couchbase.client.java.Cluster' (OnClassCondition)

   CouchbaseDataAutoConfiguration:
      Did not match:
         - @ConditionalOnClass did not find required class 'com.couchbase.client.java.Bucket' (OnClassCondition)

   CouchbaseHealthContributorAutoConfiguration:
      Did not match:
         - @ConditionalOnClass did not find required class 'com.couchbase.client.java.Cluster' (OnClassCondition)

   CouchbaseReactiveDataAutoConfiguration:
      Did not match:
         - @ConditionalOnClass did not find required class 'com.couchbase.client.java.Cluster' (OnClassCondition)

   CouchbaseReactiveHealthContributorAutoConfiguration:
      Did not match:
         - @ConditionalOnClass did not find required class 'com.couchbase.client.java.Cluster' (OnClassCondition)

   CouchbaseReactiveRepositoriesAutoConfiguration:
      Did not match:
         - @ConditionalOnClass did not find required class 'com.couchbase.client.java.Cluster' (OnClassCondition)

   CouchbaseRepositoriesAutoConfiguration:
      Did not match:
         - @ConditionalOnClass did not find required class 'com.couchbase.client.java.Bucket' (OnClassCondition)

   DataSourceAutoConfiguration.EmbeddedDatabaseConfiguration:
      Did not match:
         - EmbeddedDataSource spring.datasource.url is set (DataSourceAutoConfiguration.EmbeddedDatabaseCondition)

   DataSourceCheckpointRestoreConfiguration:
      Did not match:
         - @ConditionalOnClass did not find required class 'org.crac.Resource' (OnClassCondition)

   DataSourceConfiguration.Dbcp2:
      Did not match:
         - @ConditionalOnClass did not find required class 'org.apache.commons.dbcp2.BasicDataSource' (OnClassCondition)

   DataSourceConfiguration.Generic:
      Did not match:
         - @ConditionalOnProperty (spring.datasource.type) did not find property 'spring.datasource.type' (OnPropertyCondition)

   DataSourceConfiguration.OracleUcp:
      Did not match:
         - @ConditionalOnClass did not find required classes 'oracle.ucp.jdbc.PoolDataSourceImpl', 'oracle.jdbc.OracleConnection' (OnClassCondition)

   DataSourceConfiguration.Tomcat:
      Did not match:
         - @ConditionalOnClass did not find required class 'org.apache.tomcat.jdbc.pool.DataSource' (OnClassCondition)

   DataSourceJmxConfiguration:
      Did not match:
         - @ConditionalOnBooleanProperty (spring.jmx.enabled=true) did not find property 'spring.jmx.enabled' (OnPropertyCondition)

   DataSourcePoolMetadataProvidersConfiguration.CommonsDbcp2PoolDataSourceMetadataProviderConfiguration:
      Did not match:
         - @ConditionalOnClass did not find required class 'org.apache.commons.dbcp2.BasicDataSource' (OnClassCondition)

   DataSourcePoolMetadataProvidersConfiguration.OracleUcpPoolDataSourceMetadataProviderConfiguration:
      Did not match:
         - @ConditionalOnClass did not find required classes 'oracle.ucp.jdbc.PoolDataSource', 'oracle.jdbc.OracleConnection' (OnClassCondition)

   DataSourcePoolMetadataProvidersConfiguration.TomcatDataSourcePoolMetadataProviderConfiguration:
      Did not match:
         - @ConditionalOnClass did not find required class 'org.apache.tomcat.jdbc.pool.DataSource' (OnClassCondition)

   DataSourceTransactionManagerAutoConfiguration.JdbcTransactionManagerConfiguration#transactionManager:
      Did not match:
         - @ConditionalOnMissingBean (types: org.springframework.transaction.TransactionManager; SearchStrategy: all) found beans of type 'org.springframework.transaction.TransactionManager' transactionManager (OnBeanCondition)

   DatadogMetricsExportAutoConfiguration:
      Did not match:
         - @ConditionalOnClass did not find required class 'io.micrometer.datadog.DatadogMeterRegistry' (OnClassCondition)

   DispatcherServletAutoConfiguration.DispatcherServletConfiguration#multipartResolver:
      Did not match:
         - @ConditionalOnBean (types: org.springframework.web.multipart.MultipartResolver; SearchStrategy: all) did not find any beans of type org.springframework.web.multipart.MultipartResolver (OnBeanCondition)

   DynatraceMetricsExportAutoConfiguration:
      Did not match:
         - @ConditionalOnClass did not find required class 'io.micrometer.dynatrace.DynatraceMeterRegistry' (OnClassCondition)

   ElasticMetricsExportAutoConfiguration:
      Did not match:
         - @ConditionalOnClass did not find required class 'io.micrometer.elastic.ElasticMeterRegistry' (OnClassCondition)

   ElasticsearchClientAutoConfiguration:
      Did not match:
         - @ConditionalOnClass did not find required class 'co.elastic.clients.elasticsearch.ElasticsearchClient' (OnClassCondition)

   ElasticsearchDataAutoConfiguration:
      Did not match:
         - @ConditionalOnClass did not find required class 'org.springframework.data.elasticsearch.client.elc.ElasticsearchTemplate' (OnClassCondition)

   ElasticsearchReactiveHealthContributorAutoConfiguration:
      Did not match:
         - @ConditionalOnClass did not find required class 'reactor.core.publisher.Flux' (OnClassCondition)

   ElasticsearchRepositoriesAutoConfiguration:
      Did not match:
         - @ConditionalOnClass did not find required class 'org.springframework.data.elasticsearch.repository.ElasticsearchRepository' (OnClassCondition)

   ElasticsearchRestClientAutoConfiguration:
      Did not match:
         - @ConditionalOnClass did not find required class 'org.elasticsearch.client.RestClientBuilder' (OnClassCondition)

   ElasticsearchRestHealthContributorAutoConfiguration:
      Did not match:
         - @ConditionalOnClass did not find required class 'org.elasticsearch.client.RestClient' (OnClassCondition)

   EmbeddedLdapAutoConfiguration:
      Did not match:
         - @ConditionalOnClass did not find required class 'com.unboundid.ldap.listener.InMemoryDirectoryServer' (OnClassCondition)

   EmbeddedWebServerFactoryCustomizerAutoConfiguration.JettyWebServerFactoryCustomizerConfiguration:
      Did not match:
         - @ConditionalOnClass did not find required classes 'org.eclipse.jetty.server.Server', 'org.eclipse.jetty.util.Loader', 'org.eclipse.jetty.ee10.webapp.WebAppContext' (OnClassCondition)

   EmbeddedWebServerFactoryCustomizerAutoConfiguration.NettyWebServerFactoryCustomizerConfiguration:
      Did not match:
         - @ConditionalOnClass did not find required class 'reactor.netty.http.server.HttpServer' (OnClassCondition)

   EmbeddedWebServerFactoryCustomizerAutoConfiguration.TomcatWebServerFactoryCustomizerConfiguration#tomcatVirtualThreadsProtocolHandlerCustomizer:
      Did not match:
         - @ConditionalOnThreading did not find VIRTUAL (OnThreadingCondition)

   EmbeddedWebServerFactoryCustomizerAutoConfiguration.UndertowWebServerFactoryCustomizerConfiguration:
      Did not match:
         - @ConditionalOnClass did not find required classes 'io.undertow.Undertow', 'org.xnio.SslClientAuthMode' (OnClassCondition)

   EnvironmentEndpointAutoConfiguration:
      Did not match:
         - @ConditionalOnAvailableEndpoint not exposed (OnAvailableEndpointCondition)

   ErrorWebFluxAutoConfiguration:
      Did not match:
         - @ConditionalOnClass did not find required class 'org.springframework.web.reactive.config.WebFluxConfigurer' (OnClassCondition)

   FlywayAutoConfiguration:
      Did not match:
         - @ConditionalOnClass did not find required class 'org.flywaydb.core.Flyway' (OnClassCondition)

   FlywayEndpointAutoConfiguration:
      Did not match:
         - @ConditionalOnClass did not find required class 'org.flywaydb.core.Flyway' (OnClassCondition)

   FreeMarkerAutoConfiguration:
      Did not match:
         - @ConditionalOnClass did not find required class 'freemarker.template.Configuration' (OnClassCondition)

   GangliaMetricsExportAutoConfiguration:
      Did not match:
         - @ConditionalOnClass did not find required class 'io.micrometer.ganglia.GangliaMeterRegistry' (OnClassCondition)

   GraphQlAutoConfiguration:
      Did not match:
         - @ConditionalOnClass did not find required class 'graphql.GraphQL' (OnClassCondition)

   GraphQlObservationAutoConfiguration:
      Did not match:
         - @ConditionalOnClass did not find required class 'graphql.GraphQL' (OnClassCondition)

   GraphQlQueryByExampleAutoConfiguration:
      Did not match:
         - @ConditionalOnClass did not find required class 'graphql.GraphQL' (OnClassCondition)

   GraphQlQuerydslAutoConfiguration:
      Did not match:
         - @ConditionalOnClass did not find required class 'com.querydsl.core.Query' (OnClassCondition)

   GraphQlRSocketAutoConfiguration:
      Did not match:
         - @ConditionalOnClass did not find required class 'graphql.GraphQL' (OnClassCondition)

   GraphQlReactiveQueryByExampleAutoConfiguration:
      Did not match:
         - @ConditionalOnClass did not find required class 'graphql.GraphQL' (OnClassCondition)

   GraphQlReactiveQuerydslAutoConfiguration:
      Did not match:
         - @ConditionalOnClass did not find required class 'com.querydsl.core.Query' (OnClassCondition)

   GraphQlWebFluxAutoConfiguration:
      Did not match:
         - @ConditionalOnClass did not find required class 'graphql.GraphQL' (OnClassCondition)

   GraphQlWebFluxSecurityAutoConfiguration:
      Did not match:
         - @ConditionalOnClass did not find required class 'graphql.GraphQL' (OnClassCondition)

   GraphQlWebMvcAutoConfiguration:
      Did not match:
         - @ConditionalOnClass did not find required class 'graphql.GraphQL' (OnClassCondition)

   GraphQlWebMvcSecurityAutoConfiguration:
      Did not match:
         - @ConditionalOnClass did not find required class 'graphql.GraphQL' (OnClassCondition)

   GraphiteMetricsExportAutoConfiguration:
      Did not match:
         - @ConditionalOnClass did not find required class 'io.micrometer.graphite.GraphiteMeterRegistry' (OnClassCondition)

   GroovyTemplateAutoConfiguration:
      Did not match:
         - @ConditionalOnClass did not find required class 'groovy.text.markup.MarkupTemplateEngine' (OnClassCondition)

   GsonAutoConfiguration:
      Did not match:
         - @ConditionalOnClass did not find required class 'com.google.gson.Gson' (OnClassCondition)

   GsonHttpMessageConvertersConfiguration:
      Did not match:
         - @ConditionalOnClass did not find required class 'com.google.gson.Gson' (OnClassCondition)

   H2ConsoleAutoConfiguration:
      Did not match:
         - @ConditionalOnClass did not find required class 'org.h2.server.web.JakartaWebServlet' (OnClassCondition)

   HazelcastAutoConfiguration:
      Did not match:
         - @ConditionalOnClass did not find required class 'com.hazelcast.core.HazelcastInstance' (OnClassCondition)

   HazelcastCacheConfiguration:
      Did not match:
         - @ConditionalOnClass did not find required class 'com.hazelcast.core.HazelcastInstance' (OnClassCondition)

   HazelcastHealthContributorAutoConfiguration:
      Did not match:
         - @ConditionalOnClass did not find required class 'com.hazelcast.core.HazelcastInstance' (OnClassCondition)

   HazelcastJpaDependencyAutoConfiguration:
      Did not match:
         - @ConditionalOnClass did not find required class 'com.hazelcast.core.HazelcastInstance' (OnClassCondition)

   HealthEndpointReactiveWebExtensionConfiguration:
      Did not match:
         - did not find reactive web application classes (OnWebApplicationCondition)

   HealthEndpointWebExtensionConfiguration.JerseyAdditionalHealthEndpointPathsConfiguration:
      Did not match:
         - @ConditionalOnClass did not find required class 'org.glassfish.jersey.server.ResourceConfig' (OnClassCondition)

   HeapDumpWebEndpointAutoConfiguration:
      Did not match:
         - @ConditionalOnAvailableEndpoint the configured access for endpoint 'heapdump' is NONE (OnAvailableEndpointCondition)

   HibernateMetricsAutoConfiguration:
      Did not match:
         - @ConditionalOnClass did not find required class 'org.hibernate.stat.HibernateMetrics' (OnClassCondition)

   HttpExchangesAutoConfiguration:
      Did not match:
         - @ConditionalOnBean (types: org.springframework.boot.actuate.web.exchanges.HttpExchangeRepository; SearchStrategy: all) did not find any beans of type org.springframework.boot.actuate.web.exchanges.HttpExchangeRepository (OnBeanCondition)
      Matched:
         - @ConditionalOnWebApplication (required) found 'session' scope (OnWebApplicationCondition)
         - @ConditionalOnBooleanProperty (management.httpexchanges.recording.enabled=true) matched (OnPropertyCondition)

   HttpExchangesAutoConfiguration.ReactiveHttpExchangesConfiguration:
      Did not match:
         - did not find reactive web application classes (OnWebApplicationCondition)
         - Ancestor org.springframework.boot.actuate.autoconfigure.web.exchanges.HttpExchangesAutoConfiguration did not match (ConditionEvaluationReport.AncestorsMatchedCondition)

   HttpExchangesAutoConfiguration.ServletHttpExchangesConfiguration:
      Did not match:
         - Ancestor org.springframework.boot.actuate.autoconfigure.web.exchanges.HttpExchangesAutoConfiguration did not match (ConditionEvaluationReport.AncestorsMatchedCondition)
      Matched:
         - found 'session' scope (OnWebApplicationCondition)

   HttpExchangesEndpointAutoConfiguration:
      Did not match:
         - @ConditionalOnAvailableEndpoint not exposed (OnAvailableEndpointCondition)

   HttpHandlerAutoConfiguration:
      Did not match:
         - @ConditionalOnClass did not find required class 'org.springframework.web.reactive.DispatcherHandler' (OnClassCondition)

   HumioMetricsExportAutoConfiguration:
      Did not match:
         - @ConditionalOnClass did not find required class 'io.micrometer.humio.HumioMeterRegistry' (OnClassCondition)

   HypermediaAutoConfiguration:
      Did not match:
         - @ConditionalOnClass did not find required class 'org.springframework.hateoas.EntityModel' (OnClassCondition)

   InfinispanCacheConfiguration:
      Did not match:
         - @ConditionalOnClass did not find required class 'org.infinispan.spring.embedded.provider.SpringEmbeddedCacheManager' (OnClassCondition)

   InfluxMetricsExportAutoConfiguration:
      Did not match:
         - @ConditionalOnClass did not find required class 'io.micrometer.influx.InfluxMeterRegistry' (OnClassCondition)

   InfoContributorAutoConfiguration#buildInfoContributor:
      Did not match:
         - @ConditionalOnSingleCandidate (types: org.springframework.boot.info.BuildProperties; SearchStrategy: all) did not find any beans (OnBeanCondition)
      Matched:
         - @ConditionalOnEnabledInfoContributor management.info.defaults.enabled is considered true (OnEnabledInfoContributorCondition)

   InfoContributorAutoConfiguration#envInfoContributor:
      Did not match:
         - @ConditionalOnEnabledInfoContributor management.info.env.enabled is not true (OnEnabledInfoContributorCondition)

   InfoContributorAutoConfiguration#gitInfoContributor:
      Did not match:
         - @ConditionalOnSingleCandidate (types: org.springframework.boot.info.GitProperties; SearchStrategy: all) did not find any beans (OnBeanCondition)
      Matched:
         - @ConditionalOnEnabledInfoContributor management.info.defaults.enabled is considered true (OnEnabledInfoContributorCondition)

   InfoContributorAutoConfiguration#javaInfoContributor:
      Did not match:
         - @ConditionalOnEnabledInfoContributor management.info.java.enabled is not true (OnEnabledInfoContributorCondition)

   InfoContributorAutoConfiguration#osInfoContributor:
      Did not match:
         - @ConditionalOnEnabledInfoContributor management.info.os.enabled is not true (OnEnabledInfoContributorCondition)

   InfoContributorAutoConfiguration#processInfoContributor:
      Did not match:
         - @ConditionalOnEnabledInfoContributor management.info.process.enabled is not true (OnEnabledInfoContributorCondition)

   InfoContributorAutoConfiguration#sslInfo:
      Did not match:
         - @ConditionalOnEnabledInfoContributor management.info.ssl.enabled is not true (OnEnabledInfoContributorCondition)
      Matched:
         - @ConditionalOnMissingBean (types: org.springframework.boot.info.SslInfo; SearchStrategy: all) did not find any beans (OnBeanCondition)

   InfoContributorAutoConfiguration#sslInfoContributor:
      Did not match:
         - @ConditionalOnEnabledInfoContributor management.info.ssl.enabled is not true (OnEnabledInfoContributorCondition)

   InfoEndpointAutoConfiguration:
      Did not match:
         - @ConditionalOnAvailableEndpoint not exposed (OnAvailableEndpointCondition)

   IntegrationAutoConfiguration:
      Did not match:
         - @ConditionalOnClass did not find required class 'org.springframework.integration.config.EnableIntegration' (OnClassCondition)

   IntegrationGraphEndpointAutoConfiguration:
      Did not match:
         - @ConditionalOnClass did not find required class 'org.springframework.integration.graph.IntegrationGraphServer' (OnClassCondition)

   JCacheCacheConfiguration:
      Did not match:
         - @ConditionalOnClass did not find required class 'javax.cache.Caching' (OnClassCondition)

   JacksonHttpMessageConvertersConfiguration.MappingJackson2XmlHttpMessageConverterConfiguration:
      Did not match:
         - @ConditionalOnClass did not find required class 'com.fasterxml.jackson.dataformat.xml.XmlMapper' (OnClassCondition)

   JdbcRepositoriesAutoConfiguration:
      Did not match:
         - @ConditionalOnClass did not find required class 'org.springframework.data.jdbc.repository.config.AbstractJdbcConfiguration' (OnClassCondition)

   JerseyAutoConfiguration:
      Did not match:
         - @ConditionalOnClass did not find required class 'org.glassfish.jersey.server.spring.SpringComponentProvider' (OnClassCondition)

   JerseySameManagementContextConfiguration:
      Did not match:
         - @ConditionalOnClass did not find required class 'org.glassfish.jersey.server.ResourceConfig' (OnClassCondition)

   JerseyServerMetricsAutoConfiguration:
      Did not match:
         - @ConditionalOnClass did not find required class 'org.glassfish.jersey.micrometer.server.ObservationApplicationEventListener' (OnClassCondition)

   JerseyWebEndpointManagementContextConfiguration:
      Did not match:
         - @ConditionalOnClass did not find required class 'org.glassfish.jersey.server.ResourceConfig' (OnClassCondition)

   JettyMetricsAutoConfiguration:
      Did not match:
         - @ConditionalOnClass did not find required class 'org.eclipse.jetty.server.Server' (OnClassCondition)

   JmsAutoConfiguration:
      Did not match:
         - @ConditionalOnClass did not find required class 'jakarta.jms.Message' (OnClassCondition)

   JmsHealthContributorAutoConfiguration:
      Did not match:
         - @ConditionalOnClass did not find required class 'jakarta.jms.ConnectionFactory' (OnClassCondition)

   JmxAutoConfiguration:
      Did not match:
         - @ConditionalOnBooleanProperty (spring.jmx.enabled=true) did not find property 'spring.jmx.enabled' (OnPropertyCondition)
      Matched:
         - @ConditionalOnClass found required class 'org.springframework.jmx.export.MBeanExporter' (OnClassCondition)

   JmxEndpointAutoConfiguration:
      Did not match:
         - @ConditionalOnBooleanProperty (spring.jmx.enabled=true) did not find property 'spring.jmx.enabled' (OnPropertyCondition)

   JmxMetricsExportAutoConfiguration:
      Did not match:
         - @ConditionalOnClass did not find required class 'io.micrometer.jmx.JmxMeterRegistry' (OnClassCondition)

   JndiConnectionFactoryAutoConfiguration:
      Did not match:
         - @ConditionalOnClass did not find required class 'org.springframework.jms.core.JmsTemplate' (OnClassCondition)

   JndiDataSourceAutoConfiguration:
      Did not match:
         - @ConditionalOnProperty (spring.datasource.jndi-name) did not find property 'spring.datasource.jndi-name' (OnPropertyCondition)
      Matched:
         - @ConditionalOnClass found required classes 'javax.sql.DataSource', 'org.springframework.jdbc.datasource.embedded.EmbeddedDatabaseType' (OnClassCondition)

   JndiJtaConfiguration:
      Did not match:
         - @ConditionalOnJndi JNDI environment is not available (OnJndiCondition)
      Matched:
         - @ConditionalOnClass found required class 'org.springframework.transaction.jta.JtaTransactionManager' (OnClassCondition)

   JooqAutoConfiguration:
      Did not match:
         - @ConditionalOnClass did not find required class 'org.jooq.DSLContext' (OnClassCondition)

   JpaRepositoriesAutoConfiguration#entityManagerFactoryBootstrapExecutorCustomizer:
      Did not match:
         - AnyNestedCondition 0 matched 2 did not; NestedCondition on JpaRepositoriesAutoConfiguration.BootstrapExecutorCondition.LazyBootstrapMode @ConditionalOnProperty (spring.data.jpa.repositories.bootstrap-mode=lazy) did not find property 'spring.data.jpa.repositories.bootstrap-mode'; NestedCondition on JpaRepositoriesAutoConfiguration.BootstrapExecutorCondition.DeferredBootstrapMode @ConditionalOnProperty (spring.data.jpa.repositories.bootstrap-mode=deferred) did not find property 'spring.data.jpa.repositories.bootstrap-mode' (JpaRepositoriesAutoConfiguration.BootstrapExecutorCondition)

   JsonbAutoConfiguration:
      Did not match:
         - @ConditionalOnClass did not find required class 'jakarta.json.bind.Jsonb' (OnClassCondition)

   JsonbHttpMessageConvertersConfiguration:
      Did not match:
         - @ConditionalOnClass did not find required class 'jakarta.json.bind.Jsonb' (OnClassCondition)

   JvmMetricsAutoConfiguration#virtualThreadMetrics:
      Did not match:
         - @ConditionalOnClass did not find required class 'io.micrometer.java21.instrument.binder.jdk.VirtualThreadMetrics' (OnClassCondition)

   KafkaAutoConfiguration:
      Did not match:
         - @ConditionalOnClass did not find required class 'org.springframework.kafka.core.KafkaTemplate' (OnClassCondition)

   KafkaMetricsAutoConfiguration:
      Did not match:
         - @ConditionalOnClass did not find required class 'org.springframework.kafka.core.ProducerFactory' (OnClassCondition)

   KairosMetricsExportAutoConfiguration:
      Did not match:
         - @ConditionalOnClass did not find required class 'io.micrometer.kairos.KairosMeterRegistry' (OnClassCondition)

   LdapAutoConfiguration:
      Did not match:
         - @ConditionalOnClass did not find required class 'org.springframework.ldap.core.ContextSource' (OnClassCondition)

   LdapHealthContributorAutoConfiguration:
      Did not match:
         - @ConditionalOnClass did not find required class 'org.springframework.ldap.core.LdapOperations' (OnClassCondition)

   LdapRepositoriesAutoConfiguration:
      Did not match:
         - @ConditionalOnClass did not find required class 'org.springframework.data.ldap.repository.LdapRepository' (OnClassCondition)

   LettuceMetricsAutoConfiguration:
      Did not match:
         - @ConditionalOnClass did not find required class 'io.lettuce.core.metrics.MicrometerCommandLatencyRecorder' (OnClassCondition)

   LiquibaseAutoConfiguration:
      Did not match:
         - @ConditionalOnClass did not find required class 'liquibase.change.DatabaseChange' (OnClassCondition)

   LiquibaseEndpointAutoConfiguration:
      Did not match:
         - @ConditionalOnClass did not find required class 'liquibase.integration.spring.SpringLiquibase' (OnClassCondition)

   Log4J2MetricsAutoConfiguration:
      Did not match:
         - @ConditionalOnClass did not find required class 'org.apache.logging.log4j.core.LoggerContext' (OnClassCondition)

   LogFileWebEndpointAutoConfiguration:
      Did not match:
         - @ConditionalOnAvailableEndpoint not exposed (OnAvailableEndpointCondition)

   LoggersEndpointAutoConfiguration:
      Did not match:
         - @ConditionalOnAvailableEndpoint not exposed (OnAvailableEndpointCondition)

   MailSenderJndiConfiguration:
      Did not match:
         - @ConditionalOnProperty (spring.mail.jndi-name) did not find property 'spring.mail.jndi-name' (OnPropertyCondition)
      Matched:
         - @ConditionalOnClass found required class 'jakarta.mail.Session' (OnClassCondition)

   MailSenderValidatorAutoConfiguration:
      Did not match:
         - @ConditionalOnBooleanProperty (spring.mail.test-connection=true) did not find property 'spring.mail.test-connection' (OnPropertyCondition)

   ManagementContextAutoConfiguration.DifferentManagementContextConfiguration:
      Did not match:
         - Management Port actual port type (SAME) did not match required type (DIFFERENT) (OnManagementPortCondition)

   ManagementWebSecurityAutoConfiguration:
      Did not match:
         - AllNestedConditions 1 matched 1 did not; NestedCondition on DefaultWebSecurityCondition.Beans @ConditionalOnMissingBean (types: org.springframework.security.web.SecurityFilterChain; SearchStrategy: all) found beans of type 'org.springframework.security.web.SecurityFilterChain' filterChain; NestedCondition on DefaultWebSecurityCondition.Classes @ConditionalOnClass found required classes 'org.springframework.security.web.SecurityFilterChain', 'org.springframework.security.config.annotation.web.builders.HttpSecurity' (DefaultWebSecurityCondition)
      Matched:
         - found 'session' scope (OnWebApplicationCondition)

   MappingsEndpointAutoConfiguration.ReactiveWebConfiguration:
      Did not match:
         - @ConditionalOnClass did not find required class 'org.springframework.web.reactive.DispatcherHandler' (OnClassCondition)

   MessageSourceAutoConfiguration:
      Did not match:
         - ResourceBundle did not find bundle with basename messages (MessageSourceAutoConfiguration.ResourceBundleCondition)

   MetricsAspectsAutoConfiguration:
      Did not match:
         - @ConditionalOnBooleanProperty (management.observations.annotations.enabled=true) did not find property 'management.observations.annotations.enabled' (OnPropertyCondition)
      Matched:
         - @ConditionalOnClass found required classes 'io.micrometer.core.instrument.MeterRegistry', 'org.aspectj.weaver.Advice' (OnClassCondition)

   MetricsEndpointAutoConfiguration:
      Did not match:
         - @ConditionalOnAvailableEndpoint not exposed (OnAvailableEndpointCondition)
      Matched:
         - @ConditionalOnClass found required class 'io.micrometer.core.annotation.Timed' (OnClassCondition)

   MicrometerTracingAutoConfiguration:
      Did not match:
         - @ConditionalOnClass did not find required class 'io.micrometer.tracing.Tracer' (OnClassCondition)

   MongoAutoConfiguration:
      Did not match:
         - @ConditionalOnClass did not find required class 'com.mongodb.client.MongoClient' (OnClassCondition)

   MongoDataAutoConfiguration:
      Did not match:
         - @ConditionalOnClass did not find required class 'com.mongodb.client.MongoClient' (OnClassCondition)

   MongoHealthContributorAutoConfiguration:
      Did not match:
         - @ConditionalOnClass did not find required class 'org.springframework.data.mongodb.core.MongoTemplate' (OnClassCondition)

   MongoMetricsAutoConfiguration:
      Did not match:
         - @ConditionalOnClass did not find required class 'com.mongodb.MongoClientSettings' (OnClassCondition)

   MongoReactiveAutoConfiguration:
      Did not match:
         - @ConditionalOnClass did not find required class 'com.mongodb.reactivestreams.client.MongoClient' (OnClassCondition)

   MongoReactiveDataAutoConfiguration:
      Did not match:
         - @ConditionalOnClass did not find required class 'com.mongodb.reactivestreams.client.MongoClient' (OnClassCondition)

   MongoReactiveHealthContributorAutoConfiguration:
      Did not match:
         - @ConditionalOnClass did not find required class 'reactor.core.publisher.Flux' (OnClassCondition)

   MongoReactiveRepositoriesAutoConfiguration:
      Did not match:
         - @ConditionalOnClass did not find required class 'com.mongodb.reactivestreams.client.MongoClient' (OnClassCondition)

   MongoRepositoriesAutoConfiguration:
      Did not match:
         - @ConditionalOnClass did not find required class 'com.mongodb.client.MongoClient' (OnClassCondition)

   MultipleOpenApiSupportConfiguration:
      Did not match:
         - AnyNestedCondition 0 matched 2 did not; NestedCondition on MultipleOpenApiSupportCondition.OnActuatorDifferentPort found non-matching nested conditions Management Port actual port type (SAME) did not match required type (DIFFERENT), @ConditionalOnProperty (springdoc.show-actuator) did not find property 'springdoc.show-actuator'; NestedCondition on MultipleOpenApiSupportCondition.OnMultipleOpenApiSupportCondition AnyNestedCondition 0 matched 3 did not; NestedCondition on MultipleOpenApiGroupsCondition.OnListGroupedOpenApiBean @ConditionalOnBean (types: org.springdoc.core.models.GroupedOpenApi; SearchStrategy: all) did not find any beans of type org.springdoc.core.models.GroupedOpenApi; NestedCondition on MultipleOpenApiGroupsCondition.OnGroupConfigProperty @ConditionalOnProperty (springdoc.group-configs[0].group) did not find property 'springdoc.group-configs[0].group'; NestedCondition on MultipleOpenApiGroupsCondition.OnGroupedOpenApiBean @ConditionalOnBean (types: org.springdoc.core.models.GroupedOpenApi; SearchStrategy: all) did not find any beans of type org.springdoc.core.models.GroupedOpenApi (MultipleOpenApiSupportCondition)
      Matched:
         - found 'session' scope (OnWebApplicationCondition)
         - @ConditionalOnProperty (springdoc.api-docs.enabled) matched (OnPropertyCondition)

   MultipleOpenApiSupportConfiguration.SpringDocWebMvcActuatorDifferentConfiguration:
      Did not match:
         - Management Port actual port type (SAME) did not match required type (DIFFERENT) (OnManagementPortCondition)
         - Ancestor org.springdoc.webmvc.core.configuration.MultipleOpenApiSupportConfiguration did not match (ConditionEvaluationReport.AncestorsMatchedCondition)
      Matched:
         - @ConditionalOnClass found required class 'org.springframework.boot.actuate.endpoint.web.servlet.WebMvcEndpointHandlerMapping' (OnClassCondition)

   MustacheAutoConfiguration:
      Did not match:
         - @ConditionalOnClass did not find required class 'com.samskivert.mustache.Mustache' (OnClassCondition)

   Neo4jAutoConfiguration:
      Did not match:
         - @ConditionalOnClass did not find required class 'org.neo4j.driver.Driver' (OnClassCondition)

   Neo4jDataAutoConfiguration:
      Did not match:
         - @ConditionalOnClass did not find required class 'org.neo4j.driver.Driver' (OnClassCondition)

   Neo4jHealthContributorAutoConfiguration:
      Did not match:
         - @ConditionalOnClass did not find required class 'org.neo4j.driver.Driver' (OnClassCondition)

   Neo4jReactiveDataAutoConfiguration:
      Did not match:
         - @ConditionalOnClass did not find required class 'org.neo4j.driver.Driver' (OnClassCondition)

   Neo4jReactiveRepositoriesAutoConfiguration:
      Did not match:
         - @ConditionalOnClass did not find required class 'org.neo4j.driver.Driver' (OnClassCondition)

   Neo4jRepositoriesAutoConfiguration:
      Did not match:
         - @ConditionalOnClass did not find required class 'org.neo4j.driver.Driver' (OnClassCondition)

   NettyAutoConfiguration:
      Did not match:
         - @ConditionalOnClass did not find required class 'io.netty.util.NettyRuntime' (OnClassCondition)

   NewRelicMetricsExportAutoConfiguration:
      Did not match:
         - @ConditionalOnClass did not find required class 'io.micrometer.newrelic.NewRelicMeterRegistry' (OnClassCondition)

   NoOpMeterRegistryConfiguration:
      Did not match:
         - @ConditionalOnMissingBean (types: io.micrometer.core.instrument.MeterRegistry; SearchStrategy: all) found beans of type 'io.micrometer.core.instrument.MeterRegistry' simpleMeterRegistry (OnBeanCondition)

   NoopTracerAutoConfiguration:
      Did not match:
         - @ConditionalOnClass did not find required class 'io.micrometer.tracing.Tracer' (OnClassCondition)

   OAuth2AuthorizationServerAutoConfiguration:
      Did not match:
         - @ConditionalOnClass did not find required class 'org.springframework.security.oauth2.server.authorization.OAuth2Authorization' (OnClassCondition)

   OAuth2AuthorizationServerJwtAutoConfiguration:
      Did not match:
         - @ConditionalOnClass did not find required class 'org.springframework.security.oauth2.server.authorization.OAuth2Authorization' (OnClassCondition)

   OAuth2ClientConfigurations.ClientRegistrationRepositoryConfiguration:
      Did not match:
         - OAuth2 Clients Configured Condition registered clients is not available (ClientsConfiguredCondition)

   OAuth2ClientConfigurations.OAuth2AuthorizedClientServiceConfiguration:
      Did not match:
         - @ConditionalOnBean (types: org.springframework.security.oauth2.client.registration.ClientRegistrationRepository; SearchStrategy: all) did not find any beans of type org.springframework.security.oauth2.client.registration.ClientRegistrationRepository (OnBeanCondition)

   OAuth2ClientWebSecurityAutoConfiguration:
      Did not match:
         - @ConditionalOnBean (types: org.springframework.security.oauth2.client.OAuth2AuthorizedClientService; SearchStrategy: all) did not find any beans of type org.springframework.security.oauth2.client.OAuth2AuthorizedClientService (OnBeanCondition)
      Matched:
         - @ConditionalOnClass found required classes 'org.springframework.security.config.annotation.web.configuration.EnableWebSecurity', 'org.springframework.security.oauth2.client.web.OAuth2AuthorizedClientRepository' (OnClassCondition)
         - found 'session' scope (OnWebApplicationCondition)

   OAuth2ResourceServerAutoConfiguration:
      Did not match:
         - @ConditionalOnClass did not find required class 'org.springframework.security.oauth2.server.resource.authentication.BearerTokenAuthenticationToken' (OnClassCondition)

   ObservationAutoConfiguration.MeterObservationHandlerConfiguration.TracingAndMetricsObservationHandlerConfiguration:
      Did not match:
         - @ConditionalOnBean did not find required type 'io.micrometer.tracing.Tracer' (OnBeanCondition)
         - @ConditionalOnBean (types: ?; SearchStrategy: all) did not find any beans of type ? (OnBeanCondition)

   ObservationAutoConfiguration.MetricsWithTracingConfiguration:
      Did not match:
         - @ConditionalOnClass did not find required class 'io.micrometer.tracing.Tracer' (OnClassCondition)

   ObservationAutoConfiguration.ObservedAspectConfiguration:
      Did not match:
         - @ConditionalOnBooleanProperty (management.observations.annotations.enabled=true) did not find property 'management.observations.annotations.enabled' (OnPropertyCondition)
      Matched:
         - @ConditionalOnClass found required class 'org.aspectj.weaver.Advice' (OnClassCondition)

   ObservationAutoConfiguration.OnlyTracingConfiguration:
      Did not match:
         - @ConditionalOnClass did not find required class 'io.micrometer.tracing.Tracer' (OnClassCondition)

   OpenTelemetryAutoConfiguration:
      Did not match:
         - @ConditionalOnClass did not find required class 'io.opentelemetry.sdk.OpenTelemetrySdk' (OnClassCondition)

   OpenTelemetryLoggingAutoConfiguration:
      Did not match:
         - @ConditionalOnClass did not find required class 'io.opentelemetry.api.OpenTelemetry' (OnClassCondition)

   OpenTelemetryTracingAutoConfiguration:
      Did not match:
         - @ConditionalOnClass did not find required class 'io.micrometer.tracing.otel.bridge.OtelTracer' (OnClassCondition)

   OtlpLoggingAutoConfiguration:
      Did not match:
         - @ConditionalOnClass did not find required class 'io.opentelemetry.api.OpenTelemetry' (OnClassCondition)

   OtlpMetricsExportAutoConfiguration:
      Did not match:
         - @ConditionalOnClass did not find required class 'io.micrometer.registry.otlp.OtlpMeterRegistry' (OnClassCondition)

   OtlpTracingAutoConfiguration:
      Did not match:
         - @ConditionalOnClass did not find required class 'io.micrometer.tracing.otel.bridge.OtelTracer' (OnClassCondition)

   ProjectInfoAutoConfiguration#buildProperties:
      Did not match:
         - @ConditionalOnResource did not find resource '${spring.info.build.location:classpath:META-INF/build-info.properties}' (OnResourceCondition)

   ProjectInfoAutoConfiguration#gitProperties:
      Did not match:
         - GitResource did not find git info at classpath:git.properties (ProjectInfoAutoConfiguration.GitResourceAvailableCondition)

   PrometheusExemplarsAutoConfiguration:
      Did not match:
         - @ConditionalOnClass did not find required class 'io.micrometer.tracing.Tracer' (OnClassCondition)

   PrometheusMetricsExportAutoConfiguration:
      Did not match:
         - @ConditionalOnClass did not find required class 'io.micrometer.prometheusmetrics.PrometheusMeterRegistry' (OnClassCondition)

   PulsarAutoConfiguration:
      Did not match:
         - @ConditionalOnClass did not find required class 'org.apache.pulsar.client.api.PulsarClient' (OnClassCondition)

   PulsarReactiveAutoConfiguration:
      Did not match:
         - @ConditionalOnClass did not find required class 'org.apache.pulsar.client.api.PulsarClient' (OnClassCondition)

   QuartzAutoConfiguration:
      Did not match:
         - @ConditionalOnClass did not find required class 'org.quartz.Scheduler' (OnClassCondition)

   QuartzEndpointAutoConfiguration:
      Did not match:
         - @ConditionalOnClass did not find required class 'org.quartz.Scheduler' (OnClassCondition)

   R2dbcAutoConfiguration:
      Did not match:
         - @ConditionalOnClass did not find required class 'io.r2dbc.spi.ConnectionFactory' (OnClassCondition)

   R2dbcDataAutoConfiguration:
      Did not match:
         - @ConditionalOnClass did not find required class 'org.springframework.data.r2dbc.core.R2dbcEntityTemplate' (OnClassCondition)

   R2dbcInitializationConfiguration:
      Did not match:
         - @ConditionalOnClass did not find required classes 'io.r2dbc.spi.ConnectionFactory', 'org.springframework.r2dbc.connection.init.DatabasePopulator' (OnClassCondition)

   R2dbcObservationAutoConfiguration:
      Did not match:
         - @ConditionalOnClass did not find required class 'io.r2dbc.proxy.ProxyConnectionFactory' (OnClassCondition)

   R2dbcProxyAutoConfiguration:
      Did not match:
         - @ConditionalOnClass did not find required class 'io.r2dbc.proxy.ProxyConnectionFactory' (OnClassCondition)

   R2dbcRepositoriesAutoConfiguration:
      Did not match:
         - @ConditionalOnClass did not find required class 'io.r2dbc.spi.ConnectionFactory' (OnClassCondition)

   R2dbcTransactionManagerAutoConfiguration:
      Did not match:
         - @ConditionalOnClass did not find required class 'org.springframework.r2dbc.connection.R2dbcTransactionManager' (OnClassCondition)

   RSocketGraphQlClientAutoConfiguration:
      Did not match:
         - @ConditionalOnClass did not find required class 'graphql.GraphQL' (OnClassCondition)

   RSocketMessagingAutoConfiguration:
      Did not match:
         - @ConditionalOnClass did not find required class 'io.rsocket.RSocket' (OnClassCondition)

   RSocketRequesterAutoConfiguration:
      Did not match:
         - @ConditionalOnClass did not find required class 'io.rsocket.RSocket' (OnClassCondition)

   RSocketSecurityAutoConfiguration:
      Did not match:
         - @ConditionalOnClass did not find required class 'org.springframework.security.rsocket.core.SecuritySocketAcceptorInterceptor' (OnClassCondition)

   RSocketServerAutoConfiguration:
      Did not match:
         - @ConditionalOnClass did not find required class 'io.rsocket.core.RSocketServer' (OnClassCondition)

   RSocketStrategiesAutoConfiguration:
      Did not match:
         - @ConditionalOnClass did not find required class 'io.netty.buffer.PooledByteBufAllocator' (OnClassCondition)

   RabbitAutoConfiguration:
      Did not match:
         - @ConditionalOnClass did not find required class 'com.rabbitmq.client.Channel' (OnClassCondition)

   RabbitHealthContributorAutoConfiguration:
      Did not match:
         - @ConditionalOnClass did not find required class 'org.springframework.amqp.rabbit.core.RabbitTemplate' (OnClassCondition)

   RabbitMetricsAutoConfiguration:
      Did not match:
         - @ConditionalOnClass did not find required class 'com.rabbitmq.client.ConnectionFactory' (OnClassCondition)

   ReactiveCloudFoundryActuatorAutoConfiguration:
      Did not match:
         - @ConditionalOnWebApplication did not find reactive web application classes (OnWebApplicationCondition)

   ReactiveElasticsearchClientAutoConfiguration:
      Did not match:
         - @ConditionalOnClass did not find required class 'co.elastic.clients.transport.ElasticsearchTransport' (OnClassCondition)

   ReactiveElasticsearchRepositoriesAutoConfiguration:
      Did not match:
         - @ConditionalOnClass did not find required class 'reactor.core.publisher.Mono' (OnClassCondition)

   ReactiveHealthEndpointConfiguration:
      Did not match:
         - @ConditionalOnClass did not find required class 'reactor.core.publisher.Flux' (OnClassCondition)

   ReactiveManagementContextAutoConfiguration:
      Did not match:
         - @ConditionalOnClass did not find required class 'reactor.core.publisher.Flux' (OnClassCondition)

   ReactiveManagementWebSecurityAutoConfiguration:
      Did not match:
         - @ConditionalOnWebApplication did not find reactive web application classes (OnWebApplicationCondition)

   ReactiveMultipartAutoConfiguration:
      Did not match:
         - @ConditionalOnClass did not find required class 'org.springframework.web.reactive.config.WebFluxConfigurer' (OnClassCondition)

   ReactiveOAuth2ClientAutoConfiguration:
      Did not match:
         - @ConditionalOnClass did not find required class 'reactor.core.publisher.Flux' (OnClassCondition)

   ReactiveOAuth2ClientWebSecurityAutoConfiguration:
      Did not match:
         - @ConditionalOnClass did not find required class 'reactor.core.publisher.Flux' (OnClassCondition)

   ReactiveOAuth2ResourceServerAutoConfiguration:
      Did not match:
         - @ConditionalOnWebApplication did not find reactive web application classes (OnWebApplicationCondition)

   ReactiveSecurityAutoConfiguration:
      Did not match:
         - @ConditionalOnClass did not find required class 'reactor.core.publisher.Flux' (OnClassCondition)

   ReactiveUserDetailsServiceAutoConfiguration:
      Did not match:
         - AnyNestedCondition 0 matched 3 did not; NestedCondition on ReactiveUserDetailsServiceAutoConfiguration.MissingAlternativeOrUserPropertiesConfigured.PasswordConfigured @ConditionalOnProperty (spring.security.user.password) did not find property 'spring.security.user.password'; NestedCondition on ReactiveUserDetailsServiceAutoConfiguration.MissingAlternativeOrUserPropertiesConfigured.NameConfigured @ConditionalOnProperty (spring.security.user.name) did not find property 'spring.security.user.name'; NestedCondition on ReactiveUserDetailsServiceAutoConfiguration.MissingAlternativeOrUserPropertiesConfigured.MissingAlternative @ConditionalOnMissingClass found unwanted class 'org.springframework.security.oauth2.client.registration.ClientRegistrationRepository' (ReactiveUserDetailsServiceAutoConfiguration.MissingAlternativeOrUserPropertiesConfigured)
      Matched:
         - @ConditionalOnClass found required class 'org.springframework.security.authentication.ReactiveAuthenticationManager' (OnClassCondition)

   ReactiveWebServerFactoryAutoConfiguration:
      Did not match:
         - @ConditionalOnWebApplication did not find reactive web application classes (OnWebApplicationCondition)

   ReactorAutoConfiguration:
      Did not match:
         - @ConditionalOnClass did not find required class 'reactor.core.publisher.Hooks' (OnClassCondition)

   RedisAutoConfiguration:
      Did not match:
         - @ConditionalOnClass did not find required class 'org.springframework.data.redis.core.RedisOperations' (OnClassCondition)

   RedisCacheConfiguration:
      Did not match:
         - @ConditionalOnClass did not find required class 'org.springframework.data.redis.connection.RedisConnectionFactory' (OnClassCondition)

   RedisHealthContributorAutoConfiguration:
      Did not match:
         - @ConditionalOnClass did not find required class 'org.springframework.data.redis.connection.RedisConnectionFactory' (OnClassCondition)

   RedisReactiveAutoConfiguration:
      Did not match:
         - @ConditionalOnClass did not find required class 'reactor.core.publisher.Flux' (OnClassCondition)

   RedisReactiveHealthContributorAutoConfiguration:
      Did not match:
         - @ConditionalOnClass did not find required class 'reactor.core.publisher.Flux' (OnClassCondition)

   RedisRepositoriesAutoConfiguration:
      Did not match:
         - @ConditionalOnClass did not find required class 'org.springframework.data.redis.repository.configuration.EnableRedisRepositories' (OnClassCondition)

   RepositoryRestMvcAutoConfiguration:
      Did not match:
         - @ConditionalOnClass did not find required class 'org.springframework.data.rest.webmvc.config.RepositoryRestMvcConfiguration' (OnClassCondition)

   Saml2RelyingPartyAutoConfiguration:
      Did not match:
         - @ConditionalOnClass did not find required class 'org.springframework.security.saml2.provider.service.registration.RelyingPartyRegistrationRepository' (OnClassCondition)

   SbomEndpointAutoConfiguration:
      Did not match:
         - @ConditionalOnAvailableEndpoint not exposed (OnAvailableEndpointCondition)

   ScheduledTasksEndpointAutoConfiguration:
      Did not match:
         - @ConditionalOnAvailableEndpoint not exposed (OnAvailableEndpointCondition)

   SecurityDataConfiguration:
      Did not match:
         - @ConditionalOnClass did not find required class 'org.springframework.security.data.repository.query.SecurityEvaluationContextExtension' (OnClassCondition)

   SecurityRequestMatchersManagementContextConfiguration.JerseyRequestMatcherConfiguration:
      Did not match:
         - @ConditionalOnClass did not find required class 'org.glassfish.jersey.server.ResourceConfig' (OnClassCondition)

   SendGridAutoConfiguration:
      Did not match:
         - @ConditionalOnClass did not find required class 'com.sendgrid.SendGrid' (OnClassCondition)

   ServletEndpointManagementContextConfiguration.JerseyServletEndpointManagementContextConfiguration:
      Did not match:
         - @ConditionalOnClass did not find required class 'org.glassfish.jersey.server.ResourceConfig' (OnClassCondition)

   ServletManagementContextAutoConfiguration.ApplicationContextFilterConfiguration:
      Did not match:
         - @ConditionalOnBooleanProperty (management.server.add-application-context-header=true) did not find property 'management.server.add-application-context-header' (OnPropertyCondition)

   ServletWebServerFactoryConfiguration.EmbeddedJetty:
      Did not match:
         - @ConditionalOnClass did not find required classes 'org.eclipse.jetty.server.Server', 'org.eclipse.jetty.util.Loader', 'org.eclipse.jetty.ee10.webapp.WebAppContext' (OnClassCondition)

   ServletWebServerFactoryConfiguration.EmbeddedUndertow:
      Did not match:
         - @ConditionalOnClass did not find required classes 'io.undertow.Undertow', 'org.xnio.SslClientAuthMode' (OnClassCondition)

   SessionAutoConfiguration:
      Did not match:
         - @ConditionalOnClass did not find required class 'org.springframework.session.Session' (OnClassCondition)

   SessionsEndpointAutoConfiguration:
      Did not match:
         - @ConditionalOnClass did not find required class 'org.springframework.session.Session' (OnClassCondition)

   ShutdownEndpointAutoConfiguration:
      Did not match:
         - @ConditionalOnAvailableEndpoint the configured access for endpoint 'shutdown' is NONE (OnAvailableEndpointCondition)

   SignalFxMetricsExportAutoConfiguration:
      Did not match:
         - @ConditionalOnClass did not find required class 'io.micrometer.signalfx.SignalFxMeterRegistry' (OnClassCondition)

   SpringApplicationAdminJmxAutoConfiguration:
      Did not match:
         - @ConditionalOnBooleanProperty (spring.application.admin.enabled=true) did not find property 'spring.application.admin.enabled' (OnPropertyCondition)

   SpringBootWebSecurityConfiguration.SecurityFilterChainConfiguration:
      Did not match:
         - AllNestedConditions 1 matched 1 did not; NestedCondition on DefaultWebSecurityCondition.Beans @ConditionalOnMissingBean (types: org.springframework.security.web.SecurityFilterChain; SearchStrategy: all) found beans of type 'org.springframework.security.web.SecurityFilterChain' filterChain; NestedCondition on DefaultWebSecurityCondition.Classes @ConditionalOnClass found required classes 'org.springframework.security.web.SecurityFilterChain', 'org.springframework.security.config.annotation.web.builders.HttpSecurity' (DefaultWebSecurityCondition)

   SpringDocConfiguration#oas31ModelConverter:
      Did not match:
         - @ConditionalOnProperty (springdoc.explicit-object-schema=true) did not find property 'springdoc.explicit-object-schema' (OnPropertyCondition)

   SpringDocConfiguration#propertiesResolverForSchema:
      Did not match:
         - @ConditionalOnProperty (springdoc.api-docs.resolve-schema-properties) did not find property 'springdoc.api-docs.resolve-schema-properties' (OnPropertyCondition)

   SpringDocConfiguration#propertyCustomizingConverter:
      Did not match:
         - @ConditionalOnBean (types: org.springdoc.core.customizers.PropertyCustomizer; SearchStrategy: all) did not find any beans of type org.springdoc.core.customizers.PropertyCustomizer (OnBeanCondition)

   SpringDocConfiguration#springdocBeanFactoryPostProcessor:
      Did not match:
         - AnyNestedCondition 0 matched 2 did not; NestedCondition on CacheOrGroupedOpenApiCondition.OnCacheDisabled found non-matching nested conditions @ConditionalOnProperty (springdoc.cache.disabled) did not find property 'springdoc.cache.disabled'; NestedCondition on CacheOrGroupedOpenApiCondition.OnMultipleOpenApiSupportCondition AnyNestedCondition 0 matched 2 did not; NestedCondition on MultipleOpenApiSupportCondition.OnActuatorDifferentPort found non-matching nested conditions Management Port actual port type (SAME) did not match required type (DIFFERENT), @ConditionalOnProperty (springdoc.show-actuator) did not find property 'springdoc.show-actuator'; NestedCondition on MultipleOpenApiSupportCondition.OnMultipleOpenApiSupportCondition AnyNestedCondition 0 matched 3 did not; NestedCondition on MultipleOpenApiGroupsCondition.OnListGroupedOpenApiBean @ConditionalOnBean (types: org.springdoc.core.models.GroupedOpenApi; SearchStrategy: all) did not find any beans of type org.springdoc.core.models.GroupedOpenApi; NestedCondition on MultipleOpenApiGroupsCondition.OnGroupConfigProperty @ConditionalOnProperty (springdoc.group-configs[0].group) did not find property 'springdoc.group-configs[0].group'; NestedCondition on MultipleOpenApiGroupsCondition.OnGroupedOpenApiBean @ConditionalOnBean (types: org.springdoc.core.models.GroupedOpenApi; SearchStrategy: all) did not find any beans of type org.springdoc.core.models.GroupedOpenApi (CacheOrGroupedOpenApiCondition)
      Matched:
         - @ConditionalOnClass found required class 'org.springframework.boot.context.properties.bind.BindResult' (OnClassCondition)

   SpringDocConfiguration#springdocBeanFactoryPostProcessor2:
      Did not match:
         - @ConditionalOnMissingClass found unwanted class 'org.springframework.boot.context.properties.bind.BindResult' (OnClassCondition)

   SpringDocConfiguration.SpringDocActuatorConfiguration:
      Did not match:
         - @ConditionalOnProperty (springdoc.show-actuator) did not find property 'springdoc.show-actuator' (OnPropertyCondition)
      Matched:
         - @ConditionalOnClass found required class 'org.springframework.boot.actuate.autoconfigure.endpoint.web.WebEndpointProperties' (OnClassCondition)

   SpringDocConfiguration.SpringDocRepositoryRestConfiguration:
      Did not match:
         - @ConditionalOnClass did not find required class 'org.springframework.data.rest.core.config.RepositoryRestConfiguration' (OnClassCondition)

   SpringDocConfiguration.SpringDocWebFluxSupportConfiguration:
      Did not match:
         - @ConditionalOnClass did not find required class 'reactor.core.publisher.Flux' (OnClassCondition)

   SpringDocDataRestConfiguration:
      Did not match:
         - @ConditionalOnClass did not find required class 'org.springframework.data.rest.core.config.RepositoryRestConfiguration' (OnClassCondition)

   SpringDocFunctionCatalogConfiguration:
      Did not match:
         - @ConditionalOnClass did not find required class 'org.springframework.cloud.function.web.function.FunctionEndpointInitializer' (OnClassCondition)

   SpringDocGroovyConfiguration:
      Did not match:
         - @ConditionalOnClass did not find required class 'groovy.lang.MetaClass' (OnClassCondition)

   SpringDocHateoasConfiguration:
      Did not match:
         - @ConditionalOnClass did not find required class 'org.springframework.hateoas.server.LinkRelationProvider' (OnClassCondition)

   SpringDocJacksonKotlinModuleConfiguration:
      Did not match:
         - @ConditionalOnClass did not find required class 'com.fasterxml.jackson.module.kotlin.KotlinModule' (OnClassCondition)

   SpringDocJavadocConfiguration:
      Did not match:
         - @ConditionalOnClass did not find required class 'com.github.therapi.runtimejavadoc.CommentFormatter' (OnClassCondition)

   SpringDocKotlinConfiguration:
      Did not match:
         - @ConditionalOnClass did not find required class 'kotlin.coroutines.Continuation' (OnClassCondition)

   SpringDocKotlinxConfiguration:
      Did not match:
         - @ConditionalOnClass did not find required class 'kotlinx.coroutines.flow.Flow' (OnClassCondition)

   SpringDocSecurityConfiguration.SpringDocSecurityOAuth2Configuration:
      Did not match:
         - @ConditionalOnClass did not find required class 'org.springframework.security.oauth2.server.authorization.OAuth2AuthorizationService' (OnClassCondition)

   SpringDocSecurityConfiguration.SpringSecurityLoginEndpointConfiguration#springSecurityLoginEndpointCustomizer:
      Did not match:
         - @ConditionalOnProperty (springdoc.show-login-endpoint) did not find property 'springdoc.show-login-endpoint' (OnPropertyCondition)

   SpringDocSortConfiguration#dataRestDelegatingMethodParameterCustomizer:
      Did not match:
         - @ConditionalOnMissingBean (types: org.springdoc.core.customizers.DataRestDelegatingMethodParameterCustomizer; SearchStrategy: all) found beans of type 'org.springdoc.core.customizers.DataRestDelegatingMethodParameterCustomizer' dataRestDelegatingMethodParameterCustomizer (OnBeanCondition)

   SpringDocWebMvcConfiguration.SpringDocWebMvcActuatorConfiguration#actuatorProvider:
      Did not match:
         - @ConditionalOnExpression (#{${springdoc.show-actuator:false} or ${springdoc.use-management-port:false}}) resulted in false (OnExpressionCondition)

   SpringDocWebMvcConfiguration.SpringDocWebMvcActuatorConfiguration#openApiActuatorResource:
      Did not match:
         - @ConditionalOnExpression (#{${springdoc.use-management-port:false} and ${springdoc.enable-default-api-docs:true}}) resulted in false (OnExpressionCondition)

   SslObservabilityAutoConfiguration#sslInfoProvider:
      Did not match:
         - @ConditionalOnMissingBean (types: org.springframework.boot.info.SslInfo; SearchStrategy: all) found beans of type 'org.springframework.boot.info.SslInfo' sslInfo (OnBeanCondition)

   StackdriverMetricsExportAutoConfiguration:
      Did not match:
         - @ConditionalOnClass did not find required class 'io.micrometer.stackdriver.StackdriverMeterRegistry' (OnClassCondition)

   StartupEndpointAutoConfiguration:
      Did not match:
         - ApplicationStartup configured applicationStartup is of type class org.springframework.core.metrics.DefaultApplicationStartup, expected BufferingApplicationStartup. (StartupEndpointAutoConfiguration.ApplicationStartupCondition)

   StatsdMetricsExportAutoConfiguration:
      Did not match:
         - @ConditionalOnClass did not find required class 'io.micrometer.statsd.StatsdMeterRegistry' (OnClassCondition)

   SwaggerConfig#springWebProvider:
      Did not match:
         - @ConditionalOnMissingBean (types: org.springdoc.core.providers.SpringWebProvider; SearchStrategy: all) found beans of type 'org.springdoc.core.providers.SpringWebProvider' springWebProvider (OnBeanCondition)

   SwaggerConfig#swaggerUiHome:
      Did not match:
         - @ConditionalOnProperty (springdoc.swagger-ui.use-root-path=true) did not find property 'springdoc.swagger-ui.use-root-path' (OnPropertyCondition)

   SwaggerConfig.SwaggerActuatorWelcomeConfiguration:
      Did not match:
         - @ConditionalOnProperty (springdoc.use-management-port) did not find property 'springdoc.use-management-port' (OnPropertyCondition)
      Matched:
         - @ConditionalOnClass found required class 'org.springframework.boot.actuate.endpoint.web.servlet.WebMvcEndpointHandlerMapping' (OnClassCondition)

   TaskExecutorConfigurations.SimpleAsyncTaskExecutorBuilderConfiguration#simpleAsyncTaskExecutorBuilderVirtualThreads:
      Did not match:
         - @ConditionalOnMissingBean (types: org.springframework.boot.task.SimpleAsyncTaskExecutorBuilder; SearchStrategy: all) found beans of type 'org.springframework.boot.task.SimpleAsyncTaskExecutorBuilder' simpleAsyncTaskExecutorBuilder (OnBeanCondition)

   TaskExecutorConfigurations.TaskExecutorConfiguration#applicationTaskExecutorVirtualThreads:
      Did not match:
         - @ConditionalOnThreading did not find VIRTUAL (OnThreadingCondition)

   TaskSchedulingConfigurations.SimpleAsyncTaskSchedulerBuilderConfiguration#simpleAsyncTaskSchedulerBuilderVirtualThreads:
      Did not match:
         - @ConditionalOnMissingBean (types: org.springframework.boot.task.SimpleAsyncTaskSchedulerBuilder; SearchStrategy: all) found beans of type 'org.springframework.boot.task.SimpleAsyncTaskSchedulerBuilder' simpleAsyncTaskSchedulerBuilder (OnBeanCondition)

   TaskSchedulingConfigurations.TaskSchedulerConfiguration#taskSchedulerVirtualThreads:
      Did not match:
         - @ConditionalOnThreading did not find VIRTUAL (OnThreadingCondition)

   ThreadDumpEndpointAutoConfiguration:
      Did not match:
         - @ConditionalOnAvailableEndpoint not exposed (OnAvailableEndpointCondition)

   ThymeleafAutoConfiguration:
      Did not match:
         - @ConditionalOnClass did not find required class 'org.thymeleaf.spring6.SpringTemplateEngine' (OnClassCondition)

   TransactionAutoConfiguration#transactionalOperator:
      Did not match:
         - @ConditionalOnSingleCandidate (types: org.springframework.transaction.ReactiveTransactionManager; SearchStrategy: all) did not find any beans (OnBeanCondition)

   TransactionAutoConfiguration.AspectJTransactionManagementConfiguration:
      Did not match:
         - @ConditionalOnBean (types: org.springframework.transaction.aspectj.AbstractTransactionAspect; SearchStrategy: all) did not find any beans of type org.springframework.transaction.aspectj.AbstractTransactionAspect (OnBeanCondition)

   TransactionAutoConfiguration.EnableTransactionManagementConfiguration.JdkDynamicAutoProxyConfiguration:
      Did not match:
         - @ConditionalOnBooleanProperty (spring.aop.proxy-target-class=false) did not find property 'spring.aop.proxy-target-class' (OnPropertyCondition)

   UserDetailsServiceAutoConfiguration:
      Did not match:
         - AnyNestedCondition 0 matched 3 did not; NestedCondition on UserDetailsServiceAutoConfiguration.MissingAlternativeOrUserPropertiesConfigured.PasswordConfigured @ConditionalOnProperty (spring.security.user.password) did not find property 'spring.security.user.password'; NestedCondition on UserDetailsServiceAutoConfiguration.MissingAlternativeOrUserPropertiesConfigured.NameConfigured @ConditionalOnProperty (spring.security.user.name) did not find property 'spring.security.user.name'; NestedCondition on UserDetailsServiceAutoConfiguration.MissingAlternativeOrUserPropertiesConfigured.MissingAlternative @ConditionalOnMissingClass found unwanted class 'org.springframework.security.oauth2.client.registration.ClientRegistrationRepository' (UserDetailsServiceAutoConfiguration.MissingAlternativeOrUserPropertiesConfigured)
      Matched:
         - @ConditionalOnClass found required class 'org.springframework.security.authentication.AuthenticationManager' (OnClassCondition)
         - found 'session' scope (OnWebApplicationCondition)

   WavefrontAutoConfiguration:
      Did not match:
         - @ConditionalOnClass did not find required class 'com.wavefront.sdk.common.application.ApplicationTags' (OnClassCondition)

   WavefrontMetricsExportAutoConfiguration:
      Did not match:
         - @ConditionalOnClass did not find required class 'com.wavefront.sdk.common.WavefrontSender' (OnClassCondition)

   WavefrontTracingAutoConfiguration:
      Did not match:
         - @ConditionalOnClass did not find required class 'com.wavefront.sdk.common.WavefrontSender' (OnClassCondition)

   WebClientAutoConfiguration:
      Did not match:
         - @ConditionalOnClass did not find required class 'org.springframework.web.reactive.function.client.WebClient' (OnClassCondition)

   WebClientObservationConfiguration:
      Did not match:
         - @ConditionalOnClass did not find required class 'org.springframework.web.reactive.function.client.WebClient' (OnClassCondition)

   WebFluxAutoConfiguration:
      Did not match:
         - @ConditionalOnClass did not find required class 'org.springframework.web.reactive.config.WebFluxConfigurer' (OnClassCondition)

   WebFluxEndpointManagementContextConfiguration:
      Did not match:
         - @ConditionalOnClass did not find required class 'org.springframework.web.reactive.DispatcherHandler' (OnClassCondition)

   WebFluxObservationAutoConfiguration:
      Did not match:
         - @ConditionalOnWebApplication did not find reactive web application classes (OnWebApplicationCondition)

   WebMvcAutoConfiguration#hiddenHttpMethodFilter:
      Did not match:
         - @ConditionalOnBooleanProperty (spring.mvc.hiddenmethod.filter.enabled=true) did not find property 'spring.mvc.hiddenmethod.filter.enabled' (OnPropertyCondition)

   WebMvcAutoConfiguration.ProblemDetailsErrorHandlingConfiguration:
      Did not match:
         - @ConditionalOnBooleanProperty (spring.mvc.problemdetails.enabled=true) did not find property 'spring.mvc.problemdetails.enabled' (OnPropertyCondition)

   WebMvcAutoConfiguration.WebMvcAutoConfigurationAdapter#beanNameViewResolver:
      Did not match:
         - @ConditionalOnMissingBean (types: org.springframework.web.servlet.view.BeanNameViewResolver; SearchStrategy: all) found beans of type 'org.springframework.web.servlet.view.BeanNameViewResolver' beanNameViewResolver (OnBeanCondition)

   WebMvcEndpointManagementContextConfiguration#managementHealthEndpointWebMvcHandlerMapping:
      Did not match:
         - Management Port actual port type (SAME) did not match required type (DIFFERENT) (OnManagementPortCondition)

   WebServiceTemplateAutoConfiguration:
      Did not match:
         - @ConditionalOnClass did not find required class 'org.springframework.oxm.Marshaller' (OnClassCondition)

   WebServicesAutoConfiguration:
      Did not match:
         - @ConditionalOnClass did not find required class 'org.springframework.ws.transport.http.MessageDispatcherServlet' (OnClassCondition)

   WebSessionIdResolverAutoConfiguration:
      Did not match:
         - @ConditionalOnClass did not find required class 'reactor.core.publisher.Mono' (OnClassCondition)

   WebSocketMessagingAutoConfiguration:
      Did not match:
         - @ConditionalOnClass did not find required class 'org.springframework.web.socket.config.annotation.WebSocketMessageBrokerConfigurer' (OnClassCondition)

   WebSocketReactiveAutoConfiguration:
      Did not match:
         - @ConditionalOnWebApplication did not find reactive web application classes (OnWebApplicationCondition)

   WebSocketServletAutoConfiguration.JettyWebSocketConfiguration:
      Did not match:
         - @ConditionalOnClass did not find required class 'org.eclipse.jetty.ee10.websocket.jakarta.server.config.JakartaWebSocketServletContainerInitializer' (OnClassCondition)

   WebSocketServletAutoConfiguration.UndertowWebSocketConfiguration:
      Did not match:
         - @ConditionalOnClass did not find required class 'io.undertow.websockets.jsr.Bootstrap' (OnClassCondition)

   XADataSourceAutoConfiguration:
      Did not match:
         - @ConditionalOnBean (types: org.springframework.boot.jdbc.XADataSourceWrapper; SearchStrategy: all) did not find any beans of type org.springframework.boot.jdbc.XADataSourceWrapper (OnBeanCondition)
      Matched:
         - @ConditionalOnClass found required classes 'javax.sql.DataSource', 'jakarta.transaction.TransactionManager', 'org.springframework.jdbc.datasource.embedded.EmbeddedDatabaseType' (OnClassCondition)

   ZipkinAutoConfiguration:
      Did not match:
         - @ConditionalOnClass did not find required class 'zipkin2.reporter.Encoding' (OnClassCondition)


Exclusions:
-----------

    None


Unconditional classes:
----------------------

    org.springframework.boot.autoconfigure.context.ConfigurationPropertiesAutoConfiguration

    org.springframework.boot.actuate.autoconfigure.availability.AvailabilityHealthContributorAutoConfiguration

    org.springframework.boot.autoconfigure.ssl.SslAutoConfiguration

    org.springframework.boot.actuate.autoconfigure.info.InfoContributorAutoConfiguration

    org.springframework.boot.autoconfigure.context.PropertyPlaceholderAutoConfiguration

    org.springframework.boot.autoconfigure.context.LifecycleAutoConfiguration

    org.springframework.boot.actuate.autoconfigure.metrics.integration.IntegrationMetricsAutoConfiguration

    org.springframework.boot.actuate.autoconfigure.endpoint.EndpointAutoConfiguration

    org.springframework.boot.actuate.autoconfigure.web.server.ManagementContextAutoConfiguration

    org.springframework.boot.actuate.autoconfigure.health.HealthContributorAutoConfiguration

    org.springframework.boot.actuate.autoconfigure.endpoint.jackson.JacksonEndpointAutoConfiguration

    org.springdoc.core.configuration.SpringDocSpecPropertiesConfiguration

    org.springframework.boot.autoconfigure.availability.ApplicationAvailabilityAutoConfiguration

    org.springframework.boot.autoconfigure.info.ProjectInfoAutoConfiguration



2026-04-23T12:13:58.023+07:00  INFO 25640 --- [           main] movie.swp391.MovieApplication            : Started MovieApplication in 37.644 seconds (process running for 38.993)
2026-04-23T12:13:58.269+07:00 DEBUG 25640 --- [           main] o.s.b.a.ApplicationAvailabilityBean      : Application availability state LivenessState changed to CORRECT
2026-04-23T12:13:58.278+07:00  INFO 25640 --- [           main] movie.swp391.config.DataInitializer      : Starting role initialization...
2026-04-23T12:13:58.286+07:00 DEBUG 25640 --- [   scheduling-1] org.hibernate.SQL                        : 
    select
        tb1_0.bookingid,
        tb1_0.booking_date,
        tb1_0.cinema_name,
        tb1_0.city,
        tb1_0.converted_score,
        tb1_0.customerid,
        tb1_0.date_show,
        tb1_0.movie_title,
        tb1_0.payment_id,
        tb1_0.movie_poster,
        tb1_0.room_name,
        tb1_0.showtimeid,
        tb1_0.status,
        tb1_0.time_show,
        tb1_0.total_price 
    from
        ticket_bookings tb1_0 
    where
        tb1_0.status=?
Hibernate: 
    select
        tb1_0.bookingid,
        tb1_0.booking_date,
        tb1_0.cinema_name,
        tb1_0.city,
        tb1_0.converted_score,
        tb1_0.customerid,
        tb1_0.date_show,
        tb1_0.movie_title,
        tb1_0.payment_id,
        tb1_0.movie_poster,
        tb1_0.room_name,
        tb1_0.showtimeid,
        tb1_0.status,
        tb1_0.time_show,
        tb1_0.total_price 
    from
        ticket_bookings tb1_0 
    where
        tb1_0.status=?
2026-04-23T12:13:58.346+07:00 DEBUG 25640 --- [           main] org.hibernate.SQL                        : 
    select
        r1_0.roleid,
        r1_0.created_at,
        r1_0.description,
        r1_0.role_code,
        r1_0.role_name,
        r1_0.updated_at 
    from
        roles r1_0 
    where
        r1_0.role_name=?
Hibernate: 
    select
        r1_0.roleid,
        r1_0.created_at,
        r1_0.description,
        r1_0.role_code,
        r1_0.role_name,
        r1_0.updated_at 
    from
        roles r1_0 
    where
        r1_0.role_name=?
2026-04-23T12:13:58.390+07:00 DEBUG 25640 --- [   scheduling-1] org.hibernate.SQL                        : 
    select
        m1_0.movieid,
        m1_0.active,
        m1_0.actors,
        m1_0.age_rating,
        m1_0.auto_genre,
        m1_0.buy_from_scores,
        m1_0.content,
        m1_0.director,
        m1_0.genre,
        m1_0.language,
        m1_0.status_period_id,
        m1_0.number_showtime,
        m1_0.poster,
        m1_0.production_company,
        m1_0.rank,
        m1_0.release_date,
        m1_0.running_time,
        m1_0.seller,
        m1_0.title,
        m1_0.total_money,
        m1_0.total_money_discount,
        m1_0.total_money_food,
        m1_0.total_money_without_food,
        m1_0.trailer,
        m1_0.version 
    from
        movies m1_0
Hibernate: 
    select
        m1_0.movieid,
        m1_0.active,
        m1_0.actors,
        m1_0.age_rating,
        m1_0.auto_genre,
        m1_0.buy_from_scores,
        m1_0.content,
        m1_0.director,
        m1_0.genre,
        m1_0.language,
        m1_0.status_period_id,
        m1_0.number_showtime,
        m1_0.poster,
        m1_0.production_company,
        m1_0.rank,
        m1_0.release_date,
        m1_0.running_time,
        m1_0.seller,
        m1_0.title,
        m1_0.total_money,
        m1_0.total_money_discount,
        m1_0.total_money_food,
        m1_0.total_money_without_food,
        m1_0.trailer,
        m1_0.version 
    from
        movies m1_0
2026-04-23T12:13:58.407+07:00  INFO 25640 --- [           main] movie.swp391.config.DataInitializer      : Role ADMIN already exists
2026-04-23T12:13:58.411+07:00 DEBUG 25640 --- [   scheduling-1] org.hibernate.SQL                        : 
    select
        msp1_0.id,
        msp1_0.from_date,
        msp1_0.status,
        msp1_0.to_date 
    from
        movie_status_periods msp1_0 
    where
        msp1_0.id=?
Hibernate: 
    select
        msp1_0.id,
        msp1_0.from_date,
        msp1_0.status,
        msp1_0.to_date 
    from
        movie_status_periods msp1_0 
    where
        msp1_0.id=?
2026-04-23T12:13:58.411+07:00 DEBUG 25640 --- [           main] org.hibernate.SQL                        : 
    select
        r1_0.roleid,
        r1_0.created_at,
        r1_0.description,
        r1_0.role_code,
        r1_0.role_name,
        r1_0.updated_at 
    from
        roles r1_0 
    where
        r1_0.role_name=?
Hibernate: 
    select
        r1_0.roleid,
        r1_0.created_at,
        r1_0.description,
        r1_0.role_code,
        r1_0.role_name,
        r1_0.updated_at 
    from
        roles r1_0 
    where
        r1_0.role_name=?
2026-04-23T12:13:58.417+07:00  INFO 25640 --- [           main] movie.swp391.config.DataInitializer      : Role EMPLOYEE already exists
2026-04-23T12:13:58.421+07:00 DEBUG 25640 --- [           main] org.hibernate.SQL                        : 
    select
        r1_0.roleid,
        r1_0.created_at,
        r1_0.description,
        r1_0.role_code,
        r1_0.role_name,
        r1_0.updated_at 
    from
        roles r1_0 
    where
        r1_0.role_name=?
Hibernate: 
    select
        r1_0.roleid,
        r1_0.created_at,
        r1_0.description,
        r1_0.role_code,
        r1_0.role_name,
        r1_0.updated_at 
    from
        roles r1_0 
    where
        r1_0.role_name=?
2026-04-23T12:13:58.424+07:00  INFO 25640 --- [           main] movie.swp391.config.DataInitializer      : Role CUSTOMER already exists
2026-04-23T12:13:58.424+07:00  INFO 25640 --- [           main] movie.swp391.config.DataInitializer      : Role initialization completed
2026-04-23T12:13:58.466+07:00 DEBUG 25640 --- [           main] org.hibernate.SQL                        : 
    select
        r1_0.roleid,
        r1_0.created_at,
        r1_0.description,
        p1_0.role_id,
        p1_1.id,
        p1_1.code,
        p1_1.created_at,
        p1_1.description,
        p1_1.updated_at,
        r1_0.role_code,
        r1_0.role_name,
        r1_0.updated_at 
    from
        roles r1_0 
    left join
        role_permissions p1_0 
            on r1_0.roleid=p1_0.role_id 
    left join
        permissions p1_1 
            on p1_1.id=p1_0.permission_id 
    where
        upper(r1_0.role_name)=upper(?)
Hibernate: 
    select
        r1_0.roleid,
        r1_0.created_at,
        r1_0.description,
        p1_0.role_id,
        p1_1.id,
        p1_1.code,
        p1_1.created_at,
        p1_1.description,
        p1_1.updated_at,
        r1_0.role_code,
        r1_0.role_name,
        r1_0.updated_at 
    from
        roles r1_0 
    left join
        role_permissions p1_0 
            on r1_0.roleid=p1_0.role_id 
    left join
        permissions p1_1 
            on p1_1.id=p1_0.permission_id 
    where
        upper(r1_0.role_name)=upper(?)
2026-04-23T12:13:58.541+07:00  INFO 25640 --- [           main] movie.swp391.config.DataInitializer      : ADMIN role already has permissions, skipping assignment.
2026-04-23T12:13:58.549+07:00 DEBUG 25640 --- [   scheduling-1] o.s.web.client.RestTemplate              : HTTP GET https://api.themoviedb.org/3/search/movie?query=Avatar%253A+Fire+and+Ash&language=vi-VN&api_key=5ba936eb306de9a784c6d6bf14a744c7
2026-04-23T12:13:58.557+07:00 DEBUG 25640 --- [           main] org.hibernate.SQL                        : 
    select
        count_big(*) 
    from
        permissions p1_0
Hibernate: 
    select
        count_big(*) 
    from
        permissions p1_0
2026-04-23T12:13:58.565+07:00 DEBUG 25640 --- [           main] org.hibernate.SQL                        : 
    select
        r1_0.roleid,
        r1_0.created_at,
        r1_0.description,
        p1_0.role_id,
        p1_1.id,
        p1_1.code,
        p1_1.created_at,
        p1_1.description,
        p1_1.updated_at,
        r1_0.role_code,
        r1_0.role_name,
        r1_0.updated_at 
    from
        roles r1_0 
    left join
        role_permissions p1_0 
            on r1_0.roleid=p1_0.role_id 
    left join
        permissions p1_1 
            on p1_1.id=p1_0.permission_id 
    where
        upper(r1_0.role_name)=upper(?)
Hibernate: 
    select
        r1_0.roleid,
        r1_0.created_at,
        r1_0.description,
        p1_0.role_id,
        p1_1.id,
        p1_1.code,
        p1_1.created_at,
        p1_1.description,
        p1_1.updated_at,
        r1_0.role_code,
        r1_0.role_name,
        r1_0.updated_at 
    from
        roles r1_0 
    left join
        role_permissions p1_0 
            on r1_0.roleid=p1_0.role_id 
    left join
        permissions p1_1 
            on p1_1.id=p1_0.permission_id 
    where
        upper(r1_0.role_name)=upper(?)
2026-04-23T12:13:58.565+07:00 DEBUG 25640 --- [   scheduling-1] o.s.web.client.RestTemplate              : Accept=[text/plain, application/json, application/yaml, application/*+json, */*]
2026-04-23T12:13:58.605+07:00 DEBUG 25640 --- [           main] org.hibernate.SQL                        : 
    select
        p1_0.id,
        p1_0.code,
        p1_0.created_at,
        p1_0.description,
        p1_0.updated_at 
    from
        permissions p1_0
Hibernate: 
    select
        p1_0.id,
        p1_0.code,
        p1_0.created_at,
        p1_0.description,
        p1_0.updated_at 
    from
        permissions p1_0
2026-04-23T12:13:58.824+07:00 DEBUG 25640 --- [           main] org.hibernate.SQL                        : 
    select
        r1_0.roleid,
        r1_0.created_at,
        r1_0.description,
        r1_0.role_code,
        r1_0.role_name,
        r1_0.updated_at 
    from
        roles r1_0 
    where
        r1_0.roleid=?
Hibernate: 
    select
        r1_0.roleid,
        r1_0.created_at,
        r1_0.description,
        r1_0.role_code,
        r1_0.role_name,
        r1_0.updated_at 
    from
        roles r1_0 
    where
        r1_0.roleid=?
2026-04-23T12:13:58.836+07:00 DEBUG 25640 --- [           main] org.hibernate.SQL                        : 
    select
        p1_0.role_id,
        p1_1.id,
        p1_1.code,
        p1_1.created_at,
        p1_1.description,
        p1_1.updated_at 
    from
        role_permissions p1_0 
    join
        permissions p1_1 
            on p1_1.id=p1_0.permission_id 
    where
        p1_0.role_id=?
Hibernate: 
    select
        p1_0.role_id,
        p1_1.id,
        p1_1.code,
        p1_1.created_at,
        p1_1.description,
        p1_1.updated_at 
    from
        role_permissions p1_0 
    join
        permissions p1_1 
            on p1_1.id=p1_0.permission_id 
    where
        p1_0.role_id=?
2026-04-23T12:13:58.952+07:00  INFO 25640 --- [           main] movie.swp391.config.DataInitializer      : All permissions assigned to ADMIN role (force update).
2026-04-23T12:13:58.952+07:00 DEBUG 25640 --- [           main] org.hibernate.SQL                        : 
    select
        a1_0.accountid,
        a1_0.active,
        a1_0.password,
        a1_0.roleid,
        a1_0.username 
    from
        accounts a1_0 
    where
        a1_0.username=?
Hibernate: 
    select
        a1_0.accountid,
        a1_0.active,
        a1_0.password,
        a1_0.roleid,
        a1_0.username 
    from
        accounts a1_0 
    where
        a1_0.username=?
2026-04-23T12:13:58.960+07:00 DEBUG 25640 --- [           main] org.hibernate.SQL                        : 
    select
        a1_0.adminid,
        a2_0.accountid,
        a2_0.active,
        c1_0.customerid,
        c1_0.address,
        c1_0.created_date,
        c1_0.date_game_check,
        c1_0.dob,
        c1_0.email,
        c1_0.final_score,
        c1_0.full_name,
        c1_0.identity_card,
        c1_0.is_game_played,
        c1_0.loyalty_tier_id,
        c1_0.phone,
        c1_0.score,
        c1_0.sex,
        c1_0.updated_date,
        e1_0.employeeid,
        e1_0.active,
        e1_0.address,
        e1_0.created_date,
        e1_0.department,
        e1_0.dob,
        e1_0.email,
        e1_0.full_name,
        e1_0.identity_card,
        e1_0.image,
        e1_0.phone,
        e1_0.sex,
        e1_0.updated_date,
        a2_0.password,
        r1_0.roleid,
        r1_0.created_at,
        r1_0.description,
        r1_0.role_code,
        r1_0.role_name,
        r1_0.updated_at,
        a2_0.username,
        a1_0.email,
        a1_0.full_name 
    from
        admins a1_0 
    join
        accounts a2_0 
            on a2_0.accountid=a1_0.adminid 
    left join
        customers c1_0 
            on a2_0.accountid=c1_0.customerid 
    left join
        employees e1_0 
            on a2_0.accountid=e1_0.employeeid 
    left join
        roles r1_0 
            on r1_0.roleid=a2_0.roleid 
    where
        a1_0.adminid=?
Hibernate: 
    select
        a1_0.adminid,
        a2_0.accountid,
        a2_0.active,
        c1_0.customerid,
        c1_0.address,
        c1_0.created_date,
        c1_0.date_game_check,
        c1_0.dob,
        c1_0.email,
        c1_0.final_score,
        c1_0.full_name,
        c1_0.identity_card,
        c1_0.is_game_played,
        c1_0.loyalty_tier_id,
        c1_0.phone,
        c1_0.score,
        c1_0.sex,
        c1_0.updated_date,
        e1_0.employeeid,
        e1_0.active,
        e1_0.address,
        e1_0.created_date,
        e1_0.department,
        e1_0.dob,
        e1_0.email,
        e1_0.full_name,
        e1_0.identity_card,
        e1_0.image,
        e1_0.phone,
        e1_0.sex,
        e1_0.updated_date,
        a2_0.password,
        r1_0.roleid,
        r1_0.created_at,
        r1_0.description,
        r1_0.role_code,
        r1_0.role_name,
        r1_0.updated_at,
        a2_0.username,
        a1_0.email,
        a1_0.full_name 
    from
        admins a1_0 
    join
        accounts a2_0 
            on a2_0.accountid=a1_0.adminid 
    left join
        customers c1_0 
            on a2_0.accountid=c1_0.customerid 
    left join
        employees e1_0 
            on a2_0.accountid=e1_0.employeeid 
    left join
        roles r1_0 
            on r1_0.roleid=a2_0.roleid 
    where
        a1_0.adminid=?
2026-04-23T12:13:58.980+07:00 DEBUG 25640 --- [           main] org.hibernate.SQL                        : 
    select
        c1_0.customerid,
        a1_0.accountid,
        a1_0.active,
        a2_0.adminid,
        a2_0.email,
        a2_0.full_name,
        e1_0.employeeid,
        e1_0.active,
        e1_0.address,
        e1_0.created_date,
        e1_0.department,
        e1_0.dob,
        e1_0.email,
        e1_0.full_name,
        e1_0.identity_card,
        e1_0.image,
        e1_0.phone,
        e1_0.sex,
        e1_0.updated_date,
        a1_0.password,
        r1_0.roleid,
        r1_0.created_at,
        r1_0.description,
        r1_0.role_code,
        r1_0.role_name,
        r1_0.updated_at,
        a1_0.username,
        c1_0.address,
        c1_0.created_date,
        c1_0.date_game_check,
        c1_0.dob,
        c1_0.email,
        c1_0.final_score,
        c1_0.full_name,
        c1_0.identity_card,
        c1_0.is_game_played,
        c1_0.loyalty_tier_id,
        c1_0.phone,
        c1_0.score,
        c1_0.sex,
        c1_0.updated_date 
    from
        customers c1_0 
    join
        accounts a1_0 
            on a1_0.accountid=c1_0.customerid 
    left join
        admins a2_0 
            on a1_0.accountid=a2_0.adminid 
    left join
        employees e1_0 
            on a1_0.accountid=e1_0.employeeid 
    left join
        roles r1_0 
            on r1_0.roleid=a1_0.roleid 
    where
        c1_0.customerid=?
Hibernate: 
    select
        c1_0.customerid,
        a1_0.accountid,
        a1_0.active,
        a2_0.adminid,
        a2_0.email,
        a2_0.full_name,
        e1_0.employeeid,
        e1_0.active,
        e1_0.address,
        e1_0.created_date,
        e1_0.department,
        e1_0.dob,
        e1_0.email,
        e1_0.full_name,
        e1_0.identity_card,
        e1_0.image,
        e1_0.phone,
        e1_0.sex,
        e1_0.updated_date,
        a1_0.password,
        r1_0.roleid,
        r1_0.created_at,
        r1_0.description,
        r1_0.role_code,
        r1_0.role_name,
        r1_0.updated_at,
        a1_0.username,
        c1_0.address,
        c1_0.created_date,
        c1_0.date_game_check,
        c1_0.dob,
        c1_0.email,
        c1_0.final_score,
        c1_0.full_name,
        c1_0.identity_card,
        c1_0.is_game_played,
        c1_0.loyalty_tier_id,
        c1_0.phone,
        c1_0.score,
        c1_0.sex,
        c1_0.updated_date 
    from
        customers c1_0 
    join
        accounts a1_0 
            on a1_0.accountid=c1_0.customerid 
    left join
        admins a2_0 
            on a1_0.accountid=a2_0.adminid 
    left join
        employees e1_0 
            on a1_0.accountid=e1_0.employeeid 
    left join
        roles r1_0 
            on r1_0.roleid=a1_0.roleid 
    where
        c1_0.customerid=?
2026-04-23T12:13:58.985+07:00 DEBUG 25640 --- [           main] org.hibernate.SQL                        : 
    select
        e1_0.employeeid,
        a1_0.accountid,
        a1_0.active,
        a2_0.adminid,
        a2_0.email,
        a2_0.full_name,
        c1_0.customerid,
        c1_0.address,
        c1_0.created_date,
        c1_0.date_game_check,
        c1_0.dob,
        c1_0.email,
        c1_0.final_score,
        c1_0.full_name,
        c1_0.identity_card,
        c1_0.is_game_played,
        c1_0.loyalty_tier_id,
        c1_0.phone,
        c1_0.score,
        c1_0.sex,
        c1_0.updated_date,
        a1_0.password,
        r1_0.roleid,
        r1_0.created_at,
        r1_0.description,
        r1_0.role_code,
        r1_0.role_name,
        r1_0.updated_at,
        a1_0.username,
        e1_0.active,
        e1_0.address,
        e1_0.created_date,
        e1_0.department,
        e1_0.dob,
        e1_0.email,
        e1_0.full_name,
        e1_0.identity_card,
        e1_0.image,
        e1_0.phone,
        e1_0.sex,
        e1_0.updated_date 
    from
        employees e1_0 
    join
        accounts a1_0 
            on a1_0.accountid=e1_0.employeeid 
    left join
        admins a2_0 
            on a1_0.accountid=a2_0.adminid 
    left join
        customers c1_0 
            on a1_0.accountid=c1_0.customerid 
    left join
        roles r1_0 
            on r1_0.roleid=a1_0.roleid 
    where
        e1_0.employeeid=?
Hibernate: 
    select
        e1_0.employeeid,
        a1_0.accountid,
        a1_0.active,
        a2_0.adminid,
        a2_0.email,
        a2_0.full_name,
        c1_0.customerid,
        c1_0.address,
        c1_0.created_date,
        c1_0.date_game_check,
        c1_0.dob,
        c1_0.email,
        c1_0.final_score,
        c1_0.full_name,
        c1_0.identity_card,
        c1_0.is_game_played,
        c1_0.loyalty_tier_id,
        c1_0.phone,
        c1_0.score,
        c1_0.sex,
        c1_0.updated_date,
        a1_0.password,
        r1_0.roleid,
        r1_0.created_at,
        r1_0.description,
        r1_0.role_code,
        r1_0.role_name,
        r1_0.updated_at,
        a1_0.username,
        e1_0.active,
        e1_0.address,
        e1_0.created_date,
        e1_0.department,
        e1_0.dob,
        e1_0.email,
        e1_0.full_name,
        e1_0.identity_card,
        e1_0.image,
        e1_0.phone,
        e1_0.sex,
        e1_0.updated_date 
    from
        employees e1_0 
    join
        accounts a1_0 
            on a1_0.accountid=e1_0.employeeid 
    left join
        admins a2_0 
            on a1_0.accountid=a2_0.adminid 
    left join
        customers c1_0 
            on a1_0.accountid=c1_0.customerid 
    left join
        roles r1_0 
            on r1_0.roleid=a1_0.roleid 
    where
        e1_0.employeeid=?
2026-04-23T12:13:58.994+07:00  INFO 25640 --- [           main] movie.swp391.config.AdminInitializer     : Admin account already exists, skipping creation.
2026-04-23T12:13:59.006+07:00 DEBUG 25640 --- [           main] o.s.b.a.ApplicationAvailabilityBean      : Application availability state ReadinessState changed to ACCEPTING_TRAFFIC
Hello world !!!
2026-04-23T12:13:59.327+07:00 DEBUG 25640 --- [   scheduling-1] o.s.web.client.RestTemplate              : Response 200 OK
2026-04-23T12:13:59.327+07:00 DEBUG 25640 --- [   scheduling-1] o.s.web.client.RestTemplate              : Reading to [java.lang.String] as "application/json;charset=utf-8"
2026-04-23T12:13:59.345+07:00 DEBUG 25640 --- [   scheduling-1] o.s.web.client.RestTemplate              : HTTP GET https://api.themoviedb.org/3/search/movie?query=Project+Hail+Mary&language=vi-VN&api_key=5ba936eb306de9a784c6d6bf14a744c7
2026-04-23T12:13:59.345+07:00 DEBUG 25640 --- [   scheduling-1] o.s.web.client.RestTemplate              : Accept=[text/plain, application/json, application/yaml, application/*+json, */*]
2026-04-23T12:13:59.525+07:00 DEBUG 25640 --- [   scheduling-1] o.s.web.client.RestTemplate              : Response 200 OK
2026-04-23T12:13:59.527+07:00 DEBUG 25640 --- [   scheduling-1] o.s.web.client.RestTemplate              : Reading to [java.lang.String] as "application/json;charset=utf-8"
2026-04-23T12:13:59.529+07:00 DEBUG 25640 --- [   scheduling-1] o.s.web.client.RestTemplate              : HTTP GET https://api.themoviedb.org/3/search/movie?query=Thrash&language=vi-VN&api_key=5ba936eb306de9a784c6d6bf14a744c7
2026-04-23T12:13:59.531+07:00 DEBUG 25640 --- [   scheduling-1] o.s.web.client.RestTemplate              : Accept=[text/plain, application/json, application/yaml, application/*+json, */*]
2026-04-23T12:13:59.701+07:00 DEBUG 25640 --- [   scheduling-1] o.s.web.client.RestTemplate              : Response 200 OK
2026-04-23T12:13:59.719+07:00 DEBUG 25640 --- [   scheduling-1] o.s.web.client.RestTemplate              : Reading to [java.lang.String] as "application/json;charset=utf-8"
2026-04-23T12:13:59.723+07:00 DEBUG 25640 --- [   scheduling-1] o.s.web.client.RestTemplate              : HTTP GET https://api.themoviedb.org/3/search/movie?query=Sniper%253A+No+Nation&language=vi-VN&api_key=5ba936eb306de9a784c6d6bf14a744c7
2026-04-23T12:13:59.723+07:00 DEBUG 25640 --- [   scheduling-1] o.s.web.client.RestTemplate              : Accept=[text/plain, application/json, application/yaml, application/*+json, */*]
2026-04-23T12:13:59.902+07:00 DEBUG 25640 --- [   scheduling-1] o.s.web.client.RestTemplate              : Response 200 OK
2026-04-23T12:13:59.902+07:00 DEBUG 25640 --- [   scheduling-1] o.s.web.client.RestTemplate              : Reading to [java.lang.String] as "application/json;charset=utf-8"
2026-04-23T12:13:59.902+07:00 DEBUG 25640 --- [   scheduling-1] o.s.web.client.RestTemplate              : HTTP GET https://api.themoviedb.org/3/search/movie?query=Shelter&language=vi-VN&api_key=5ba936eb306de9a784c6d6bf14a744c7
2026-04-23T12:13:59.902+07:00 DEBUG 25640 --- [   scheduling-1] o.s.web.client.RestTemplate              : Accept=[text/plain, application/json, application/yaml, application/*+json, */*]
2026-04-23T12:14:00.082+07:00 DEBUG 25640 --- [   scheduling-1] o.s.web.client.RestTemplate              : Response 200 OK
2026-04-23T12:14:00.094+07:00 DEBUG 25640 --- [   scheduling-1] o.s.web.client.RestTemplate              : Reading to [java.lang.String] as "application/json;charset=utf-8"
2026-04-23T12:14:00.097+07:00 DEBUG 25640 --- [   scheduling-1] o.s.web.client.RestTemplate              : HTTP GET https://api.themoviedb.org/3/search/movie?query=Greenland+2%253A+Migration&language=vi-VN&api_key=5ba936eb306de9a784c6d6bf14a744c7
2026-04-23T12:14:00.107+07:00 DEBUG 25640 --- [   scheduling-1] o.s.web.client.RestTemplate              : Accept=[text/plain, application/json, application/yaml, application/*+json, */*]
2026-04-23T12:14:00.280+07:00 DEBUG 25640 --- [   scheduling-1] o.s.web.client.RestTemplate              : Response 200 OK
2026-04-23T12:14:00.287+07:00 DEBUG 25640 --- [   scheduling-1] o.s.web.client.RestTemplate              : Reading to [java.lang.String] as "application/json;charset=utf-8"
2026-04-23T12:14:00.287+07:00 DEBUG 25640 --- [   scheduling-1] o.s.web.client.RestTemplate              : HTTP GET https://api.themoviedb.org/3/search/movie?query=Crime+101&language=vi-VN&api_key=5ba936eb306de9a784c6d6bf14a744c7
2026-04-23T12:14:00.287+07:00 DEBUG 25640 --- [   scheduling-1] o.s.web.client.RestTemplate              : Accept=[text/plain, application/json, application/yaml, application/*+json, */*]
2026-04-23T12:14:00.462+07:00 DEBUG 25640 --- [   scheduling-1] o.s.web.client.RestTemplate              : Response 200 OK
2026-04-23T12:14:00.470+07:00 DEBUG 25640 --- [   scheduling-1] o.s.web.client.RestTemplate              : Reading to [java.lang.String] as "application/json;charset=utf-8"
2026-04-23T12:14:00.471+07:00 DEBUG 25640 --- [   scheduling-1] o.s.web.client.RestTemplate              : HTTP GET https://api.themoviedb.org/3/search/movie?query=Outcome&language=vi-VN&api_key=5ba936eb306de9a784c6d6bf14a744c7
2026-04-23T12:14:00.473+07:00 DEBUG 25640 --- [   scheduling-1] o.s.web.client.RestTemplate              : Accept=[text/plain, application/json, application/yaml, application/*+json, */*]
2026-04-23T12:14:00.647+07:00 DEBUG 25640 --- [   scheduling-1] o.s.web.client.RestTemplate              : Response 200 OK
2026-04-23T12:14:00.647+07:00 DEBUG 25640 --- [   scheduling-1] o.s.web.client.RestTemplate              : Reading to [java.lang.String] as "application/json;charset=utf-8"
2026-04-23T12:14:00.655+07:00 DEBUG 25640 --- [   scheduling-1] o.s.web.client.RestTemplate              : HTTP GET https://api.themoviedb.org/3/search/movie?query=Scream+7&language=vi-VN&api_key=5ba936eb306de9a784c6d6bf14a744c7
2026-04-23T12:14:00.655+07:00 DEBUG 25640 --- [   scheduling-1] o.s.web.client.RestTemplate              : Accept=[text/plain, application/json, application/yaml, application/*+json, */*]
2026-04-23T12:14:00.837+07:00 DEBUG 25640 --- [   scheduling-1] o.s.web.client.RestTemplate              : Response 200 OK
2026-04-23T12:14:00.840+07:00 DEBUG 25640 --- [   scheduling-1] o.s.web.client.RestTemplate              : Reading to [java.lang.String] as "application/json;charset=utf-8"
2026-04-23T12:14:00.842+07:00 DEBUG 25640 --- [   scheduling-1] o.s.web.client.RestTemplate              : HTTP GET https://api.themoviedb.org/3/search/movie?query=War+Machine&language=vi-VN&api_key=5ba936eb306de9a784c6d6bf14a744c7
2026-04-23T12:14:00.842+07:00 DEBUG 25640 --- [   scheduling-1] o.s.web.client.RestTemplate              : Accept=[text/plain, application/json, application/yaml, application/*+json, */*]
2026-04-23T12:14:01.018+07:00 DEBUG 25640 --- [   scheduling-1] o.s.web.client.RestTemplate              : Response 200 OK
2026-04-23T12:14:01.028+07:00 DEBUG 25640 --- [   scheduling-1] o.s.web.client.RestTemplate              : Reading to [java.lang.String] as "application/json;charset=utf-8"
2026-04-23T12:14:01.033+07:00 DEBUG 25640 --- [   scheduling-1] o.s.web.client.RestTemplate              : HTTP GET https://api.themoviedb.org/3/search/movie?query=We+Bare+Bears%253A+The+Movie&language=vi-VN&api_key=5ba936eb306de9a784c6d6bf14a744c7
2026-04-23T12:14:01.034+07:00 DEBUG 25640 --- [   scheduling-1] o.s.web.client.RestTemplate              : Accept=[text/plain, application/json, application/yaml, application/*+json, */*]
2026-04-23T12:14:01.204+07:00 DEBUG 25640 --- [   scheduling-1] o.s.web.client.RestTemplate              : Response 200 OK
2026-04-23T12:14:01.210+07:00 DEBUG 25640 --- [   scheduling-1] o.s.web.client.RestTemplate              : Reading to [java.lang.String] as "application/json;charset=utf-8"
2026-04-23T12:14:01.212+07:00 DEBUG 25640 --- [   scheduling-1] o.s.web.client.RestTemplate              : HTTP GET https://api.themoviedb.org/3/search/movie?query=Toy+Story&language=vi-VN&api_key=5ba936eb306de9a784c6d6bf14a744c7
2026-04-23T12:14:01.212+07:00 DEBUG 25640 --- [   scheduling-1] o.s.web.client.RestTemplate              : Accept=[text/plain, application/json, application/yaml, application/*+json, */*]
2026-04-23T12:14:01.387+07:00 DEBUG 25640 --- [   scheduling-1] o.s.web.client.RestTemplate              : Response 200 OK
2026-04-23T12:14:01.404+07:00 DEBUG 25640 --- [   scheduling-1] o.s.web.client.RestTemplate              : Reading to [java.lang.String] as "application/json;charset=utf-8"
2026-04-23T12:14:01.407+07:00 DEBUG 25640 --- [   scheduling-1] o.s.web.client.RestTemplate              : HTTP GET https://api.themoviedb.org/3/search/movie?query=The+Lion+King&language=vi-VN&api_key=5ba936eb306de9a784c6d6bf14a744c7
2026-04-23T12:14:01.407+07:00 DEBUG 25640 --- [   scheduling-1] o.s.web.client.RestTemplate              : Accept=[text/plain, application/json, application/yaml, application/*+json, */*]
2026-04-23T12:14:01.581+07:00 DEBUG 25640 --- [   scheduling-1] o.s.web.client.RestTemplate              : Response 200 OK
2026-04-23T12:14:01.597+07:00 DEBUG 25640 --- [   scheduling-1] o.s.web.client.RestTemplate              : Reading to [java.lang.String] as "application/json;charset=utf-8"
2026-04-23T12:14:01.602+07:00 DEBUG 25640 --- [   scheduling-1] o.s.web.client.RestTemplate              : HTTP GET https://api.themoviedb.org/3/search/movie?query=Ne+Zha+2&language=vi-VN&api_key=5ba936eb306de9a784c6d6bf14a744c7
2026-04-23T12:14:01.610+07:00 DEBUG 25640 --- [   scheduling-1] o.s.web.client.RestTemplate              : Accept=[text/plain, application/json, application/yaml, application/*+json, */*]
2026-04-23T12:14:01.788+07:00 DEBUG 25640 --- [   scheduling-1] o.s.web.client.RestTemplate              : Response 200 OK
2026-04-23T12:14:01.788+07:00 DEBUG 25640 --- [   scheduling-1] o.s.web.client.RestTemplate              : Reading to [java.lang.String] as "application/json;charset=utf-8"
2026-04-23T12:14:01.788+07:00 DEBUG 25640 --- [   scheduling-1] o.s.web.client.RestTemplate              : HTTP GET https://api.themoviedb.org/3/search/movie?query=Kiki%2527s+Delivery+Service&language=vi-VN&api_key=5ba936eb306de9a784c6d6bf14a744c7
2026-04-23T12:14:01.788+07:00 DEBUG 25640 --- [   scheduling-1] o.s.web.client.RestTemplate              : Accept=[text/plain, application/json, application/yaml, application/*+json, */*]
2026-04-23T12:14:01.968+07:00 DEBUG 25640 --- [   scheduling-1] o.s.web.client.RestTemplate              : Response 200 OK
2026-04-23T12:14:01.969+07:00 DEBUG 25640 --- [   scheduling-1] o.s.web.client.RestTemplate              : Reading to [java.lang.String] as "application/json;charset=utf-8"
2026-04-23T12:14:01.969+07:00 DEBUG 25640 --- [   scheduling-1] o.s.web.client.RestTemplate              : HTTP GET https://api.themoviedb.org/3/search/movie?query=The+Third+Wife&language=vi-VN&api_key=5ba936eb306de9a784c6d6bf14a744c7
2026-04-23T12:14:01.971+07:00 DEBUG 25640 --- [   scheduling-1] o.s.web.client.RestTemplate              : Accept=[text/plain, application/json, application/yaml, application/*+json, */*]
2026-04-23T12:14:02.143+07:00 DEBUG 25640 --- [   scheduling-1] o.s.web.client.RestTemplate              : Response 200 OK
2026-04-23T12:14:02.149+07:00 DEBUG 25640 --- [   scheduling-1] o.s.web.client.RestTemplate              : Reading to [java.lang.String] as "application/json;charset=utf-8"
2026-04-23T12:14:02.151+07:00 DEBUG 25640 --- [   scheduling-1] o.s.web.client.RestTemplate              : HTTP GET https://api.themoviedb.org/3/search/movie?query=Mai&language=vi-VN&api_key=5ba936eb306de9a784c6d6bf14a744c7
2026-04-23T12:14:02.151+07:00 DEBUG 25640 --- [   scheduling-1] o.s.web.client.RestTemplate              : Accept=[text/plain, application/json, application/yaml, application/*+json, */*]
2026-04-23T12:14:02.322+07:00 DEBUG 25640 --- [   scheduling-1] o.s.web.client.RestTemplate              : Response 200 OK
2026-04-23T12:14:02.339+07:00 DEBUG 25640 --- [   scheduling-1] o.s.web.client.RestTemplate              : Reading to [java.lang.String] as "application/json;charset=utf-8"
2026-04-23T12:14:02.339+07:00 DEBUG 25640 --- [   scheduling-1] o.s.web.client.RestTemplate              : HTTP GET https://api.themoviedb.org/3/search/movie?query=Bunny%2521%2521&language=vi-VN&api_key=5ba936eb306de9a784c6d6bf14a744c7
2026-04-23T12:14:02.339+07:00 DEBUG 25640 --- [   scheduling-1] o.s.web.client.RestTemplate              : Accept=[text/plain, application/json, application/yaml, application/*+json, */*]
2026-04-23T12:14:02.520+07:00 DEBUG 25640 --- [   scheduling-1] o.s.web.client.RestTemplate              : Response 200 OK
2026-04-23T12:14:02.528+07:00 DEBUG 25640 --- [   scheduling-1] o.s.web.client.RestTemplate              : Reading to [java.lang.String] as "application/json;charset=utf-8"
2026-04-23T12:14:02.532+07:00 DEBUG 25640 --- [   scheduling-1] o.s.web.client.RestTemplate              : HTTP GET https://api.themoviedb.org/3/search/movie?query=Skin+of+Youth&language=vi-VN&api_key=5ba936eb306de9a784c6d6bf14a744c7
2026-04-23T12:14:02.534+07:00 DEBUG 25640 --- [   scheduling-1] o.s.web.client.RestTemplate              : Accept=[text/plain, application/json, application/yaml, application/*+json, */*]
2026-04-23T12:14:02.710+07:00 DEBUG 25640 --- [   scheduling-1] o.s.web.client.RestTemplate              : Response 200 OK
2026-04-23T12:14:02.712+07:00 DEBUG 25640 --- [   scheduling-1] o.s.web.client.RestTemplate              : Reading to [java.lang.String] as "application/json;charset=utf-8"
2026-04-23T12:14:02.713+07:00 DEBUG 25640 --- [   scheduling-1] o.s.web.client.RestTemplate              : HTTP GET https://api.themoviedb.org/3/search/movie?query=Let+Hoi+Decide&language=vi-VN&api_key=5ba936eb306de9a784c6d6bf14a744c7
2026-04-23T12:14:02.715+07:00 DEBUG 25640 --- [   scheduling-1] o.s.web.client.RestTemplate              : Accept=[text/plain, application/json, application/yaml, application/*+json, */*]
2026-04-23T12:14:02.885+07:00 DEBUG 25640 --- [   scheduling-1] o.s.web.client.RestTemplate              : Response 200 OK
2026-04-23T12:14:02.890+07:00 DEBUG 25640 --- [   scheduling-1] o.s.web.client.RestTemplate              : Reading to [java.lang.String] as "application/json;charset=utf-8"
2026-04-23T12:14:02.892+07:00 DEBUG 25640 --- [   scheduling-1] o.s.web.client.RestTemplate              : HTTP GET https://api.themoviedb.org/3/search/movie?query=The+Super+Mario+Galaxy+Movie&language=vi-VN&api_key=5ba936eb306de9a784c6d6bf14a744c7
2026-04-23T12:14:02.892+07:00 DEBUG 25640 --- [   scheduling-1] o.s.web.client.RestTemplate              : Accept=[text/plain, application/json, application/yaml, application/*+json, */*]
2026-04-23T12:14:03.068+07:00 DEBUG 25640 --- [   scheduling-1] o.s.web.client.RestTemplate              : Response 200 OK
2026-04-23T12:14:03.071+07:00 DEBUG 25640 --- [   scheduling-1] o.s.web.client.RestTemplate              : Reading to [java.lang.String] as "application/json;charset=utf-8"
2026-04-23T12:14:03.071+07:00 DEBUG 25640 --- [   scheduling-1] o.s.web.client.RestTemplate              : HTTP GET https://api.themoviedb.org/3/search/movie?query=GOAT&language=vi-VN&api_key=5ba936eb306de9a784c6d6bf14a744c7
2026-04-23T12:14:03.073+07:00 DEBUG 25640 --- [   scheduling-1] o.s.web.client.RestTemplate              : Accept=[text/plain, application/json, application/yaml, application/*+json, */*]
2026-04-23T12:14:03.248+07:00 DEBUG 25640 --- [   scheduling-1] o.s.web.client.RestTemplate              : Response 200 OK
2026-04-23T12:14:03.258+07:00 DEBUG 25640 --- [   scheduling-1] o.s.web.client.RestTemplate              : Reading to [java.lang.String] as "application/json;charset=utf-8"
2026-04-23T12:14:03.260+07:00 DEBUG 25640 --- [   scheduling-1] o.s.web.client.RestTemplate              : HTTP GET https://api.themoviedb.org/3/search/movie?query=Whistle&language=vi-VN&api_key=5ba936eb306de9a784c6d6bf14a744c7
2026-04-23T12:14:03.262+07:00 DEBUG 25640 --- [   scheduling-1] o.s.web.client.RestTemplate              : Accept=[text/plain, application/json, application/yaml, application/*+json, */*]
2026-04-23T12:14:03.437+07:00 DEBUG 25640 --- [   scheduling-1] o.s.web.client.RestTemplate              : Response 200 OK
2026-04-23T12:14:03.449+07:00 DEBUG 25640 --- [   scheduling-1] o.s.web.client.RestTemplate              : Reading to [java.lang.String] as "application/json;charset=utf-8"
2026-04-23T12:14:03.451+07:00 DEBUG 25640 --- [   scheduling-1] o.s.web.client.RestTemplate              : HTTP GET https://api.themoviedb.org/3/search/movie?query=The+Yeti&language=vi-VN&api_key=5ba936eb306de9a784c6d6bf14a744c7
2026-04-23T12:14:03.451+07:00 DEBUG 25640 --- [   scheduling-1] o.s.web.client.RestTemplate              : Accept=[text/plain, application/json, application/yaml, application/*+json, */*]
2026-04-23T12:14:03.626+07:00 DEBUG 25640 --- [   scheduling-1] o.s.web.client.RestTemplate              : Response 200 OK
2026-04-23T12:14:03.638+07:00 DEBUG 25640 --- [   scheduling-1] o.s.web.client.RestTemplate              : Reading to [java.lang.String] as "application/json;charset=utf-8"
2026-04-23T12:14:03.640+07:00 DEBUG 25640 --- [   scheduling-1] o.s.web.client.RestTemplate              : HTTP GET https://api.themoviedb.org/3/search/movie?query=The+Drama&language=vi-VN&api_key=5ba936eb306de9a784c6d6bf14a744c7
2026-04-23T12:14:03.642+07:00 DEBUG 25640 --- [   scheduling-1] o.s.web.client.RestTemplate              : Accept=[text/plain, application/json, application/yaml, application/*+json, */*]
2026-04-23T12:14:03.818+07:00 DEBUG 25640 --- [   scheduling-1] o.s.web.client.RestTemplate              : Response 200 OK
2026-04-23T12:14:03.828+07:00 DEBUG 25640 --- [   scheduling-1] o.s.web.client.RestTemplate              : Reading to [java.lang.String] as "application/json;charset=utf-8"
2026-04-23T12:14:03.830+07:00 DEBUG 25640 --- [   scheduling-1] o.s.web.client.RestTemplate              : HTTP GET https://api.themoviedb.org/3/search/movie?query=Michael&language=vi-VN&api_key=5ba936eb306de9a784c6d6bf14a744c7
2026-04-23T12:14:03.831+07:00 DEBUG 25640 --- [   scheduling-1] o.s.web.client.RestTemplate              : Accept=[text/plain, application/json, application/yaml, application/*+json, */*]
2026-04-23T12:14:04.006+07:00 DEBUG 25640 --- [   scheduling-1] o.s.web.client.RestTemplate              : Response 200 OK
2026-04-23T12:14:04.015+07:00 DEBUG 25640 --- [   scheduling-1] o.s.web.client.RestTemplate              : Reading to [java.lang.String] as "application/json;charset=utf-8"
2026-04-23T12:14:04.018+07:00 DEBUG 25640 --- [   scheduling-1] o.s.web.client.RestTemplate              : HTTP GET https://api.themoviedb.org/3/search/movie?query=Lee+Cronin%2527s+The+Mummy&language=vi-VN&api_key=5ba936eb306de9a784c6d6bf14a744c7
2026-04-23T12:14:04.020+07:00 DEBUG 25640 --- [   scheduling-1] o.s.web.client.RestTemplate              : Accept=[text/plain, application/json, application/yaml, application/*+json, */*]
2026-04-23T12:14:04.194+07:00 DEBUG 25640 --- [   scheduling-1] o.s.web.client.RestTemplate              : Response 200 OK
2026-04-23T12:14:04.198+07:00 DEBUG 25640 --- [   scheduling-1] o.s.web.client.RestTemplate              : Reading to [java.lang.String] as "application/json;charset=utf-8"
2026-04-23T12:14:04.198+07:00 DEBUG 25640 --- [   scheduling-1] o.s.web.client.RestTemplate              : HTTP GET https://api.themoviedb.org/3/search/movie?query=Now+You+See+Me%253A+Now+You+Don%2527t&language=vi-VN&api_key=5ba936eb306de9a784c6d6bf14a744c7
2026-04-23T12:14:04.198+07:00 DEBUG 25640 --- [   scheduling-1] o.s.web.client.RestTemplate              : Accept=[text/plain, application/json, application/yaml, application/*+json, */*]
2026-04-23T12:14:04.380+07:00 DEBUG 25640 --- [   scheduling-1] o.s.web.client.RestTemplate              : Response 200 OK
2026-04-23T12:14:04.383+07:00 DEBUG 25640 --- [   scheduling-1] o.s.web.client.RestTemplate              : Reading to [java.lang.String] as "application/json;charset=utf-8"
2026-04-23T12:14:04.383+07:00 DEBUG 25640 --- [   scheduling-1] o.s.web.client.RestTemplate              : HTTP GET https://api.themoviedb.org/3/search/movie?query=Exit+8&language=vi-VN&api_key=5ba936eb306de9a784c6d6bf14a744c7
2026-04-23T12:14:04.385+07:00 DEBUG 25640 --- [   scheduling-1] o.s.web.client.RestTemplate              : Accept=[text/plain, application/json, application/yaml, application/*+json, */*]
2026-04-23T12:14:04.561+07:00 DEBUG 25640 --- [   scheduling-1] o.s.web.client.RestTemplate              : Response 200 OK
2026-04-23T12:14:04.561+07:00 DEBUG 25640 --- [   scheduling-1] o.s.web.client.RestTemplate              : Reading to [java.lang.String] as "application/json;charset=utf-8"
2026-04-23T12:14:04.561+07:00 DEBUG 25640 --- [   scheduling-1] o.s.web.client.RestTemplate              : HTTP GET https://api.themoviedb.org/3/search/movie?query=The+Strangers%253A+Chapter+3&language=vi-VN&api_key=5ba936eb306de9a784c6d6bf14a744c7
2026-04-23T12:14:04.566+07:00 DEBUG 25640 --- [   scheduling-1] o.s.web.client.RestTemplate              : Accept=[text/plain, application/json, application/yaml, application/*+json, */*]
2026-04-23T12:14:04.740+07:00 DEBUG 25640 --- [   scheduling-1] o.s.web.client.RestTemplate              : Response 200 OK
2026-04-23T12:14:04.740+07:00 DEBUG 25640 --- [   scheduling-1] o.s.web.client.RestTemplate              : Reading to [java.lang.String] as "application/json;charset=utf-8"
2026-04-23T12:14:04.744+07:00 DEBUG 25640 --- [   scheduling-1] o.s.web.client.RestTemplate              : HTTP GET https://api.themoviedb.org/3/search/movie?query=The+Mortuary+Assistant&language=vi-VN&api_key=5ba936eb306de9a784c6d6bf14a744c7
2026-04-23T12:14:04.744+07:00 DEBUG 25640 --- [   scheduling-1] o.s.web.client.RestTemplate              : Accept=[text/plain, application/json, application/yaml, application/*+json, */*]
2026-04-23T12:14:04.918+07:00 DEBUG 25640 --- [   scheduling-1] o.s.web.client.RestTemplate              : Response 200 OK
2026-04-23T12:14:04.918+07:00 DEBUG 25640 --- [   scheduling-1] o.s.web.client.RestTemplate              : Reading to [java.lang.String] as "application/json;charset=utf-8"
2026-04-23T12:14:04.918+07:00 DEBUG 25640 --- [   scheduling-1] o.s.web.client.RestTemplate              : HTTP GET https://api.themoviedb.org/3/search/movie?query=The+Bride%2521&language=vi-VN&api_key=5ba936eb306de9a784c6d6bf14a744c7
2026-04-23T12:14:04.918+07:00 DEBUG 25640 --- [   scheduling-1] o.s.web.client.RestTemplate              : Accept=[text/plain, application/json, application/yaml, application/*+json, */*]
2026-04-23T12:14:05.101+07:00 DEBUG 25640 --- [   scheduling-1] o.s.web.client.RestTemplate              : Response 200 OK
2026-04-23T12:14:05.115+07:00 DEBUG 25640 --- [   scheduling-1] o.s.web.client.RestTemplate              : Reading to [java.lang.String] as "application/json;charset=utf-8"
2026-04-23T12:14:05.115+07:00 DEBUG 25640 --- [   scheduling-1] o.s.web.client.RestTemplate              : HTTP GET https://api.themoviedb.org/3/search/movie?query=Mudborn&language=vi-VN&api_key=5ba936eb306de9a784c6d6bf14a744c7
2026-04-23T12:14:05.119+07:00 DEBUG 25640 --- [   scheduling-1] o.s.web.client.RestTemplate              : Accept=[text/plain, application/json, application/yaml, application/*+json, */*]
2026-04-23T12:14:05.292+07:00 DEBUG 25640 --- [   scheduling-1] o.s.web.client.RestTemplate              : Response 200 OK
2026-04-23T12:14:05.292+07:00 DEBUG 25640 --- [   scheduling-1] o.s.web.client.RestTemplate              : Reading to [java.lang.String] as "application/json;charset=utf-8"
2026-04-23T12:14:05.339+07:00  INFO 25640 --- [   scheduling-1] m.s.serviceImp.MovieTMDBServiceImpl      : C?p nh?t x?p h?ng TMDB hoàn t?t.
2026-04-23T12:14:18.029+07:00 DEBUG 25640 --- [   scheduling-1] org.hibernate.SQL                        : 
    select
        tb1_0.bookingid,
        tb1_0.booking_date,
        tb1_0.cinema_name,
        tb1_0.city,
        tb1_0.converted_score,
        tb1_0.customerid,
        tb1_0.date_show,
        tb1_0.movie_title,
        tb1_0.payment_id,
        tb1_0.movie_poster,
        tb1_0.room_name,
        tb1_0.showtimeid,
        tb1_0.status,
        tb1_0.time_show,
        tb1_0.total_price 
    from
        ticket_bookings tb1_0 
    where
        tb1_0.status=?
Hibernate: 
    select
        tb1_0.bookingid,
        tb1_0.booking_date,
        tb1_0.cinema_name,
        tb1_0.city,
        tb1_0.converted_score,
        tb1_0.customerid,
        tb1_0.date_show,
        tb1_0.movie_title,
        tb1_0.payment_id,
        tb1_0.movie_poster,
        tb1_0.room_name,
        tb1_0.showtimeid,
        tb1_0.status,
        tb1_0.time_show,
        tb1_0.total_price 
    from
        ticket_bookings tb1_0 
    where
        tb1_0.status=?
2026-04-23T12:14:21.338+07:00  INFO 25640 --- [nio-8080-exec-2] o.a.c.c.C.[Tomcat].[localhost].[/]       : Initializing Spring DispatcherServlet 'dispatcherServlet'
2026-04-23T12:14:21.338+07:00  INFO 25640 --- [nio-8080-exec-2] o.s.web.servlet.DispatcherServlet        : Initializing Servlet 'dispatcherServlet'
2026-04-23T12:14:21.338+07:00 DEBUG 25640 --- [nio-8080-exec-2] o.s.web.servlet.DispatcherServlet        : Detected StandardServletMultipartResolver
2026-04-23T12:14:21.338+07:00 DEBUG 25640 --- [nio-8080-exec-2] o.s.web.servlet.DispatcherServlet        : Detected AcceptHeaderLocaleResolver
2026-04-23T12:14:21.342+07:00 DEBUG 25640 --- [nio-8080-exec-2] o.s.web.servlet.DispatcherServlet        : Detected FixedThemeResolver
2026-04-23T12:14:21.345+07:00 DEBUG 25640 --- [nio-8080-exec-2] o.s.web.servlet.DispatcherServlet        : Detected org.springframework.web.servlet.view.DefaultRequestToViewNameTranslator@4c1fd225
2026-04-23T12:14:21.345+07:00 DEBUG 25640 --- [nio-8080-exec-2] o.s.web.servlet.DispatcherServlet        : Detected org.springframework.web.servlet.support.SessionFlashMapManager@21be0ce3
2026-04-23T12:14:21.345+07:00 DEBUG 25640 --- [nio-8080-exec-2] o.s.web.servlet.DispatcherServlet        : enableLoggingRequestDetails='false': request parameters and headers will be masked to prevent unsafe logging of potentially sensitive data
2026-04-23T12:14:21.349+07:00  INFO 25640 --- [nio-8080-exec-2] o.s.web.servlet.DispatcherServlet        : Completed initialization in 11 ms
2026-04-23T12:14:21.397+07:00 DEBUG 25640 --- [nio-8080-exec-1] o.s.security.web.FilterChainProxy        : Securing GET /api/movie/view-all-movies
2026-04-23T12:14:21.397+07:00 DEBUG 25640 --- [nio-8080-exec-2] o.s.security.web.FilterChainProxy        : Securing GET /api/sales/summary?from=2026-04-01&to=2026-04-23
2026-04-23T12:14:21.432+07:00 DEBUG 25640 --- [nio-8080-exec-1] o.s.s.w.a.AnonymousAuthenticationFilter  : Set SecurityContextHolder to anonymous SecurityContext
2026-04-23T12:14:21.432+07:00 DEBUG 25640 --- [nio-8080-exec-2] o.s.s.w.a.AnonymousAuthenticationFilter  : Set SecurityContextHolder to anonymous SecurityContext
2026-04-23T12:14:21.451+07:00 DEBUG 25640 --- [nio-8080-exec-2] o.s.security.web.FilterChainProxy        : Secured GET /api/sales/summary?from=2026-04-01&to=2026-04-23
2026-04-23T12:14:21.451+07:00 DEBUG 25640 --- [nio-8080-exec-1] o.s.security.web.FilterChainProxy        : Secured GET /api/movie/view-all-movies
2026-04-23T12:14:21.464+07:00 DEBUG 25640 --- [nio-8080-exec-1] o.s.web.servlet.DispatcherServlet        : GET "/api/movie/view-all-movies", parameters={}
2026-04-23T12:14:21.464+07:00 DEBUG 25640 --- [nio-8080-exec-2] o.s.web.servlet.DispatcherServlet        : GET "/api/sales/summary?from=2026-04-01&to=2026-04-23", parameters={masked}
2026-04-23T12:14:21.466+07:00 DEBUG 25640 --- [nio-8080-exec-2] s.w.s.m.m.a.RequestMappingHandlerMapping : Mapped to movie.swp391.controller.SalesAnalyticsController#getSalesSummary(String, String)
2026-04-23T12:14:21.466+07:00 DEBUG 25640 --- [nio-8080-exec-1] s.w.s.m.m.a.RequestMappingHandlerMapping : Mapped to movie.swp391.controller.MovieController#getAllMovies()
2026-04-23T12:14:21.501+07:00 DEBUG 25640 --- [nio-8080-exec-1] horizationManagerBeforeMethodInterceptor : Authorizing method invocation ReflectiveMethodInvocation: public java.util.List movie.swp391.serviceImp.MovieServiceImpl.getAllMovies(); target is of class [movie.swp391.serviceImp.MovieServiceImpl]
2026-04-23T12:14:21.530+07:00 DEBUG 25640 --- [nio-8080-exec-1] horizationManagerBeforeMethodInterceptor : Authorized method invocation ReflectiveMethodInvocation: public java.util.List movie.swp391.serviceImp.MovieServiceImpl.getAllMovies(); target is of class [movie.swp391.serviceImp.MovieServiceImpl]
2026-04-23T12:14:21.537+07:00 DEBUG 25640 --- [nio-8080-exec-1] org.hibernate.SQL                        : 
    select
        m1_0.movieid,
        m1_0.active,
        m1_0.actors,
        m1_0.age_rating,
        m1_0.auto_genre,
        m1_0.buy_from_scores,
        m1_0.content,
        m1_0.director,
        m1_0.genre,
        m1_0.language,
        m1_0.status_period_id,
        m1_0.number_showtime,
        m1_0.poster,
        m1_0.production_company,
        m1_0.rank,
        m1_0.release_date,
        m1_0.running_time,
        m1_0.seller,
        m1_0.title,
        m1_0.total_money,
        m1_0.total_money_discount,
        m1_0.total_money_food,
        m1_0.total_money_without_food,
        m1_0.trailer,
        m1_0.version 
    from
        movies m1_0
Hibernate: 
    select
        m1_0.movieid,
        m1_0.active,
        m1_0.actors,
        m1_0.age_rating,
        m1_0.auto_genre,
        m1_0.buy_from_scores,
        m1_0.content,
        m1_0.director,
        m1_0.genre,
        m1_0.language,
        m1_0.status_period_id,
        m1_0.number_showtime,
        m1_0.poster,
        m1_0.production_company,
        m1_0.rank,
        m1_0.release_date,
        m1_0.running_time,
        m1_0.seller,
        m1_0.title,
        m1_0.total_money,
        m1_0.total_money_discount,
        m1_0.total_money_food,
        m1_0.total_money_without_food,
        m1_0.trailer,
        m1_0.version 
    from
        movies m1_0
2026-04-23T12:14:21.544+07:00 DEBUG 25640 --- [nio-8080-exec-1] org.hibernate.SQL                        : 
    select
        msp1_0.id,
        msp1_0.from_date,
        msp1_0.status,
        msp1_0.to_date 
    from
        movie_status_periods msp1_0 
    where
        msp1_0.id=?
Hibernate: 
    select
        msp1_0.id,
        msp1_0.from_date,
        msp1_0.status,
        msp1_0.to_date 
    from
        movie_status_periods msp1_0 
    where
        msp1_0.id=?
2026-04-23T12:14:21.553+07:00 DEBUG 25640 --- [nio-8080-exec-2] org.hibernate.SQL                        : 
    select
        tb1_0.bookingid,
        tb1_0.booking_date,
        tb1_0.cinema_name,
        tb1_0.city,
        tb1_0.converted_score,
        tb1_0.customerid,
        tb1_0.date_show,
        tb1_0.movie_title,
        tb1_0.payment_id,
        tb1_0.movie_poster,
        tb1_0.room_name,
        tb1_0.showtimeid,
        tb1_0.status,
        tb1_0.time_show,
        tb1_0.total_price 
    from
        ticket_bookings tb1_0 
    where
        tb1_0.booking_date between ? and ? 
        and upper(tb1_0.status)=upper(?)
Hibernate: 
    select
        tb1_0.bookingid,
        tb1_0.booking_date,
        tb1_0.cinema_name,
        tb1_0.city,
        tb1_0.converted_score,
        tb1_0.customerid,
        tb1_0.date_show,
        tb1_0.movie_title,
        tb1_0.payment_id,
        tb1_0.movie_poster,
        tb1_0.room_name,
        tb1_0.showtimeid,
        tb1_0.status,
        tb1_0.time_show,
        tb1_0.total_price 
    from
        ticket_bookings tb1_0 
    where
        tb1_0.booking_date between ? and ? 
        and upper(tb1_0.status)=upper(?)
2026-04-23T12:14:21.579+07:00 DEBUG 25640 --- [nio-8080-exec-2] org.hibernate.SQL                        : 
    select
        bfad1_0.id,
        bfad1_0.booking_id,
        bfad1_0.food_and_drink_id,
        bfad1_0.quantity 
    from
        booking_food_and_drink bfad1_0 
    left join
        ticket_bookings b1_0 
            on b1_0.bookingid=bfad1_0.booking_id 
    where
        b1_0.booking_date between ? and ? 
        and upper(b1_0.status)=upper(?)
Hibernate: 
    select
        bfad1_0.id,
        bfad1_0.booking_id,
        bfad1_0.food_and_drink_id,
        bfad1_0.quantity 
    from
        booking_food_and_drink bfad1_0 
    left join
        ticket_bookings b1_0 
            on b1_0.bookingid=bfad1_0.booking_id 
    where
        b1_0.booking_date between ? and ? 
        and upper(b1_0.status)=upper(?)
2026-04-23T12:14:21.639+07:00 DEBUG 25640 --- [nio-8080-exec-2] o.s.w.s.m.m.a.HttpEntityMethodProcessor  : Using 'application/json', given [*/*] and supported [application/json, application/*+json, application/yaml]
2026-04-23T12:14:21.646+07:00 DEBUG 25640 --- [nio-8080-exec-2] o.s.w.s.m.m.a.HttpEntityMethodProcessor  : Writing [[]]
2026-04-23T12:14:21.700+07:00 DEBUG 25640 --- [nio-8080-exec-2] o.s.web.servlet.DispatcherServlet        : Completed 200 OK
2026-04-23T12:14:21.757+07:00 DEBUG 25640 --- [nio-8080-exec-1] m.m.a.RequestResponseBodyMethodProcessor : Using 'application/json', given [*/*] and supported [application/json, application/*+json, application/yaml]
2026-04-23T12:14:21.765+07:00 DEBUG 25640 --- [nio-8080-exec-1] m.m.a.RequestResponseBodyMethodProcessor : Writing [ApiResponse(status=200, message=Success, result=[MovieResponse(movieID=1, title=Avatar: Fire and Ash (truncated)...]
2026-04-23T12:14:21.791+07:00 DEBUG 25640 --- [nio-8080-exec-1] o.s.web.servlet.DispatcherServlet        : Completed 200 OK
2026-04-23T12:14:38.049+07:00 DEBUG 25640 --- [   scheduling-1] org.hibernate.SQL                        : 
    select
        tb1_0.bookingid,
        tb1_0.booking_date,
        tb1_0.cinema_name,
        tb1_0.city,
        tb1_0.converted_score,
        tb1_0.customerid,
        tb1_0.date_show,
        tb1_0.movie_title,
        tb1_0.payment_id,
        tb1_0.movie_poster,
        tb1_0.room_name,
        tb1_0.showtimeid,
        tb1_0.status,
        tb1_0.time_show,
        tb1_0.total_price 
    from
        ticket_bookings tb1_0 
    where
        tb1_0.status=?
Hibernate: 
    select
        tb1_0.bookingid,
        tb1_0.booking_date,
        tb1_0.cinema_name,
        tb1_0.city,
        tb1_0.converted_score,
        tb1_0.customerid,
        tb1_0.date_show,
        tb1_0.movie_title,
        tb1_0.payment_id,
        tb1_0.movie_poster,
        tb1_0.room_name,
        tb1_0.showtimeid,
        tb1_0.status,
        tb1_0.time_show,
        tb1_0.total_price 
    from
        ticket_bookings tb1_0 
    where
        tb1_0.status=?
2026-04-23T12:14:58.051+07:00 DEBUG 25640 --- [   scheduling-1] org.hibernate.SQL                        : 
    select
        tb1_0.bookingid,
        tb1_0.booking_date,
        tb1_0.cinema_name,
        tb1_0.city,
        tb1_0.converted_score,
        tb1_0.customerid,
        tb1_0.date_show,
        tb1_0.movie_title,
        tb1_0.payment_id,
        tb1_0.movie_poster,
        tb1_0.room_name,
        tb1_0.showtimeid,
        tb1_0.status,
        tb1_0.time_show,
        tb1_0.total_price 
    from
        ticket_bookings tb1_0 
    where
        tb1_0.status=?
Hibernate: 
    select
        tb1_0.bookingid,
        tb1_0.booking_date,
        tb1_0.cinema_name,
        tb1_0.city,
        tb1_0.converted_score,
        tb1_0.customerid,
        tb1_0.date_show,
        tb1_0.movie_title,
        tb1_0.payment_id,
        tb1_0.movie_poster,
        tb1_0.room_name,
        tb1_0.showtimeid,
        tb1_0.status,
        tb1_0.time_show,
        tb1_0.total_price 
    from
        ticket_bookings tb1_0 
    where
        tb1_0.status=?
2026-04-23T12:15:18.027+07:00 DEBUG 25640 --- [   scheduling-1] org.hibernate.SQL                        : 
    select
        tb1_0.bookingid,
        tb1_0.booking_date,
        tb1_0.cinema_name,
        tb1_0.city,
        tb1_0.converted_score,
        tb1_0.customerid,
        tb1_0.date_show,
        tb1_0.movie_title,
        tb1_0.payment_id,
        tb1_0.movie_poster,
        tb1_0.room_name,
        tb1_0.showtimeid,
        tb1_0.status,
        tb1_0.time_show,
        tb1_0.total_price 
    from
        ticket_bookings tb1_0 
    where
        tb1_0.status=?
Hibernate: 
    select
        tb1_0.bookingid,
        tb1_0.booking_date,
        tb1_0.cinema_name,
        tb1_0.city,
        tb1_0.converted_score,
        tb1_0.customerid,
        tb1_0.date_show,
        tb1_0.movie_title,
        tb1_0.payment_id,
        tb1_0.movie_poster,
        tb1_0.room_name,
        tb1_0.showtimeid,
        tb1_0.status,
        tb1_0.time_show,
        tb1_0.total_price 
    from
        ticket_bookings tb1_0 
    where
        tb1_0.status=?
2026-04-23T12:15:38.050+07:00 DEBUG 25640 --- [   scheduling-1] org.hibernate.SQL                        : 
    select
        tb1_0.bookingid,
        tb1_0.booking_date,
        tb1_0.cinema_name,
        tb1_0.city,
        tb1_0.converted_score,
        tb1_0.customerid,
        tb1_0.date_show,
        tb1_0.movie_title,
        tb1_0.payment_id,
        tb1_0.movie_poster,
        tb1_0.room_name,
        tb1_0.showtimeid,
        tb1_0.status,
        tb1_0.time_show,
        tb1_0.total_price 
    from
        ticket_bookings tb1_0 
    where
        tb1_0.status=?
Hibernate: 
    select
        tb1_0.bookingid,
        tb1_0.booking_date,
        tb1_0.cinema_name,
        tb1_0.city,
        tb1_0.converted_score,
        tb1_0.customerid,
        tb1_0.date_show,
        tb1_0.movie_title,
        tb1_0.payment_id,
        tb1_0.movie_poster,
        tb1_0.room_name,
        tb1_0.showtimeid,
        tb1_0.status,
        tb1_0.time_show,
        tb1_0.total_price 
    from
        ticket_bookings tb1_0 
    where
        tb1_0.status=?
2026-04-23T12:15:58.037+07:00 DEBUG 25640 --- [   scheduling-1] org.hibernate.SQL                        : 
    select
        tb1_0.bookingid,
        tb1_0.booking_date,
        tb1_0.cinema_name,
        tb1_0.city,
        tb1_0.converted_score,
        tb1_0.customerid,
        tb1_0.date_show,
        tb1_0.movie_title,
        tb1_0.payment_id,
        tb1_0.movie_poster,
        tb1_0.room_name,
        tb1_0.showtimeid,
        tb1_0.status,
        tb1_0.time_show,
        tb1_0.total_price 
    from
        ticket_bookings tb1_0 
    where
        tb1_0.status=?
Hibernate: 
    select
        tb1_0.bookingid,
        tb1_0.booking_date,
        tb1_0.cinema_name,
        tb1_0.city,
        tb1_0.converted_score,
        tb1_0.customerid,
        tb1_0.date_show,
        tb1_0.movie_title,
        tb1_0.payment_id,
        tb1_0.movie_poster,
        tb1_0.room_name,
        tb1_0.showtimeid,
        tb1_0.status,
        tb1_0.time_show,
        tb1_0.total_price 
    from
        ticket_bookings tb1_0 
    where
        tb1_0.status=?
2026-04-23T12:16:18.039+07:00 DEBUG 25640 --- [   scheduling-1] org.hibernate.SQL                        : 
    select
        tb1_0.bookingid,
        tb1_0.booking_date,
        tb1_0.cinema_name,
        tb1_0.city,
        tb1_0.converted_score,
        tb1_0.customerid,
        tb1_0.date_show,
        tb1_0.movie_title,
        tb1_0.payment_id,
        tb1_0.movie_poster,
        tb1_0.room_name,
        tb1_0.showtimeid,
        tb1_0.status,
        tb1_0.time_show,
        tb1_0.total_price 
    from
        ticket_bookings tb1_0 
    where
        tb1_0.status=?
Hibernate: 
    select
        tb1_0.bookingid,
        tb1_0.booking_date,
        tb1_0.cinema_name,
        tb1_0.city,
        tb1_0.converted_score,
        tb1_0.customerid,
        tb1_0.date_show,
        tb1_0.movie_title,
        tb1_0.payment_id,
        tb1_0.movie_poster,
        tb1_0.room_name,
        tb1_0.showtimeid,
        tb1_0.status,
        tb1_0.time_show,
        tb1_0.total_price 
    from
        ticket_bookings tb1_0 
    where
        tb1_0.status=?
2026-04-23T12:16:38.031+07:00 DEBUG 25640 --- [   scheduling-1] org.hibernate.SQL                        : 
    select
        tb1_0.bookingid,
        tb1_0.booking_date,
        tb1_0.cinema_name,
        tb1_0.city,
        tb1_0.converted_score,
        tb1_0.customerid,
        tb1_0.date_show,
        tb1_0.movie_title,
        tb1_0.payment_id,
        tb1_0.movie_poster,
        tb1_0.room_name,
        tb1_0.showtimeid,
        tb1_0.status,
        tb1_0.time_show,
        tb1_0.total_price 
    from
        ticket_bookings tb1_0 
    where
        tb1_0.status=?
Hibernate: 
    select
        tb1_0.bookingid,
        tb1_0.booking_date,
        tb1_0.cinema_name,
        tb1_0.city,
        tb1_0.converted_score,
        tb1_0.customerid,
        tb1_0.date_show,
        tb1_0.movie_title,
        tb1_0.payment_id,
        tb1_0.movie_poster,
        tb1_0.room_name,
        tb1_0.showtimeid,
        tb1_0.status,
        tb1_0.time_show,
        tb1_0.total_price 
    from
        ticket_bookings tb1_0 
    where
        tb1_0.status=?
2026-04-23T12:16:58.024+07:00 DEBUG 25640 --- [   scheduling-1] org.hibernate.SQL                        : 
    select
        tb1_0.bookingid,
        tb1_0.booking_date,
        tb1_0.cinema_name,
        tb1_0.city,
        tb1_0.converted_score,
        tb1_0.customerid,
        tb1_0.date_show,
        tb1_0.movie_title,
        tb1_0.payment_id,
        tb1_0.movie_poster,
        tb1_0.room_name,
        tb1_0.showtimeid,
        tb1_0.status,
        tb1_0.time_show,
        tb1_0.total_price 
    from
        ticket_bookings tb1_0 
    where
        tb1_0.status=?
Hibernate: 
    select
        tb1_0.bookingid,
        tb1_0.booking_date,
        tb1_0.cinema_name,
        tb1_0.city,
        tb1_0.converted_score,
        tb1_0.customerid,
        tb1_0.date_show,
        tb1_0.movie_title,
        tb1_0.payment_id,
        tb1_0.movie_poster,
        tb1_0.room_name,
        tb1_0.showtimeid,
        tb1_0.status,
        tb1_0.time_show,
        tb1_0.total_price 
    from
        ticket_bookings tb1_0 
    where
        tb1_0.status=?
2026-04-23T12:17:18.032+07:00 DEBUG 25640 --- [   scheduling-1] org.hibernate.SQL                        : 
    select
        tb1_0.bookingid,
        tb1_0.booking_date,
        tb1_0.cinema_name,
        tb1_0.city,
        tb1_0.converted_score,
        tb1_0.customerid,
        tb1_0.date_show,
        tb1_0.movie_title,
        tb1_0.payment_id,
        tb1_0.movie_poster,
        tb1_0.room_name,
        tb1_0.showtimeid,
        tb1_0.status,
        tb1_0.time_show,
        tb1_0.total_price 
    from
        ticket_bookings tb1_0 
    where
        tb1_0.status=?
Hibernate: 
    select
        tb1_0.bookingid,
        tb1_0.booking_date,
        tb1_0.cinema_name,
        tb1_0.city,
        tb1_0.converted_score,
        tb1_0.customerid,
        tb1_0.date_show,
        tb1_0.movie_title,
        tb1_0.payment_id,
        tb1_0.movie_poster,
        tb1_0.room_name,
        tb1_0.showtimeid,
        tb1_0.status,
        tb1_0.time_show,
        tb1_0.total_price 
    from
        ticket_bookings tb1_0 
    where
        tb1_0.status=?
2026-04-23T12:17:38.037+07:00 DEBUG 25640 --- [   scheduling-1] org.hibernate.SQL                        : 
    select
        tb1_0.bookingid,
        tb1_0.booking_date,
        tb1_0.cinema_name,
        tb1_0.city,
        tb1_0.converted_score,
        tb1_0.customerid,
        tb1_0.date_show,
        tb1_0.movie_title,
        tb1_0.payment_id,
        tb1_0.movie_poster,
        tb1_0.room_name,
        tb1_0.showtimeid,
        tb1_0.status,
        tb1_0.time_show,
        tb1_0.total_price 
    from
        ticket_bookings tb1_0 
    where
        tb1_0.status=?
Hibernate: 
    select
        tb1_0.bookingid,
        tb1_0.booking_date,
        tb1_0.cinema_name,
        tb1_0.city,
        tb1_0.converted_score,
        tb1_0.customerid,
        tb1_0.date_show,
        tb1_0.movie_title,
        tb1_0.payment_id,
        tb1_0.movie_poster,
        tb1_0.room_name,
        tb1_0.showtimeid,
        tb1_0.status,
        tb1_0.time_show,
        tb1_0.total_price 
    from
        ticket_bookings tb1_0 
    where
        tb1_0.status=?
2026-04-23T12:17:58.047+07:00 DEBUG 25640 --- [   scheduling-1] org.hibernate.SQL                        : 
    select
        tb1_0.bookingid,
        tb1_0.booking_date,
        tb1_0.cinema_name,
        tb1_0.city,
        tb1_0.converted_score,
        tb1_0.customerid,
        tb1_0.date_show,
        tb1_0.movie_title,
        tb1_0.payment_id,
        tb1_0.movie_poster,
        tb1_0.room_name,
        tb1_0.showtimeid,
        tb1_0.status,
        tb1_0.time_show,
        tb1_0.total_price 
    from
        ticket_bookings tb1_0 
    where
        tb1_0.status=?
Hibernate: 
    select
        tb1_0.bookingid,
        tb1_0.booking_date,
        tb1_0.cinema_name,
        tb1_0.city,
        tb1_0.converted_score,
        tb1_0.customerid,
        tb1_0.date_show,
        tb1_0.movie_title,
        tb1_0.payment_id,
        tb1_0.movie_poster,
        tb1_0.room_name,
        tb1_0.showtimeid,
        tb1_0.status,
        tb1_0.time_show,
        tb1_0.total_price 
    from
        ticket_bookings tb1_0 
    where
        tb1_0.status=?
2026-04-23T12:18:18.048+07:00 DEBUG 25640 --- [   scheduling-1] org.hibernate.SQL                        : 
    select
        tb1_0.bookingid,
        tb1_0.booking_date,
        tb1_0.cinema_name,
        tb1_0.city,
        tb1_0.converted_score,
        tb1_0.customerid,
        tb1_0.date_show,
        tb1_0.movie_title,
        tb1_0.payment_id,
        tb1_0.movie_poster,
        tb1_0.room_name,
        tb1_0.showtimeid,
        tb1_0.status,
        tb1_0.time_show,
        tb1_0.total_price 
    from
        ticket_bookings tb1_0 
    where
        tb1_0.status=?
Hibernate: 
    select
        tb1_0.bookingid,
        tb1_0.booking_date,
        tb1_0.cinema_name,
        tb1_0.city,
        tb1_0.converted_score,
        tb1_0.customerid,
        tb1_0.date_show,
        tb1_0.movie_title,
        tb1_0.payment_id,
        tb1_0.movie_poster,
        tb1_0.room_name,
        tb1_0.showtimeid,
        tb1_0.status,
        tb1_0.time_show,
        tb1_0.total_price 
    from
        ticket_bookings tb1_0 
    where
        tb1_0.status=?
2026-04-23T12:18:38.025+07:00 DEBUG 25640 --- [   scheduling-1] org.hibernate.SQL                        : 
    select
        tb1_0.bookingid,
        tb1_0.booking_date,
        tb1_0.cinema_name,
        tb1_0.city,
        tb1_0.converted_score,
        tb1_0.customerid,
        tb1_0.date_show,
        tb1_0.movie_title,
        tb1_0.payment_id,
        tb1_0.movie_poster,
        tb1_0.room_name,
        tb1_0.showtimeid,
        tb1_0.status,
        tb1_0.time_show,
        tb1_0.total_price 
    from
        ticket_bookings tb1_0 
    where
        tb1_0.status=?
Hibernate: 
    select
        tb1_0.bookingid,
        tb1_0.booking_date,
        tb1_0.cinema_name,
        tb1_0.city,
        tb1_0.converted_score,
        tb1_0.customerid,
        tb1_0.date_show,
        tb1_0.movie_title,
        tb1_0.payment_id,
        tb1_0.movie_poster,
        tb1_0.room_name,
        tb1_0.showtimeid,
        tb1_0.status,
        tb1_0.time_show,
        tb1_0.total_price 
    from
        ticket_bookings tb1_0 
    where
        tb1_0.status=?
2026-04-23T12:18:58.039+07:00 DEBUG 25640 --- [   scheduling-1] org.hibernate.SQL                        : 
    select
        tb1_0.bookingid,
        tb1_0.booking_date,
        tb1_0.cinema_name,
        tb1_0.city,
        tb1_0.converted_score,
        tb1_0.customerid,
        tb1_0.date_show,
        tb1_0.movie_title,
        tb1_0.payment_id,
        tb1_0.movie_poster,
        tb1_0.room_name,
        tb1_0.showtimeid,
        tb1_0.status,
        tb1_0.time_show,
        tb1_0.total_price 
    from
        ticket_bookings tb1_0 
    where
        tb1_0.status=?
Hibernate: 
    select
        tb1_0.bookingid,
        tb1_0.booking_date,
        tb1_0.cinema_name,
        tb1_0.city,
        tb1_0.converted_score,
        tb1_0.customerid,
        tb1_0.date_show,
        tb1_0.movie_title,
        tb1_0.payment_id,
        tb1_0.movie_poster,
        tb1_0.room_name,
        tb1_0.showtimeid,
        tb1_0.status,
        tb1_0.time_show,
        tb1_0.total_price 
    from
        ticket_bookings tb1_0 
    where
        tb1_0.status=?
